"","Grid_lat","Grid_lon","2000","2001","2004","2005","2006","2007","2008","2009","2012","2014","2015","2016","2017"
"1",5.25,109.25,364.47,421.08,403.57,418.74,416.06,408.68,387.58,401.06,404.26,417.68,408.21,428.71,430.52
"2",5.25,109.75,378.32,419.03,406.51,406.97,408.83,410.94,391.6,403.82,407.79,417.53,416.96,422.88,426.63
"3",5.25,110.25,376.54,418.89,408.17,393.28,393.31,411.63,388.61,401.08,407.49,418.04,416.75,430.2,421.94
"4",5.25,110.75,388.27,412.88,413.8,404.41,399.75,414.89,396.27,406.75,412.45,421.05,425.86,428.01,422.78
"5",5.25,111.25,403.39,412,416.11,410.37,404.04,412.92,403.04,408.67,417.25,417.85,427.26,422.42,418.14
"6",5.25,111.75,408.04,413.13,415.34,419.11,411.79,413.06,404.64,410.49,418.54,416.31,427.91,421.44,418.68
"7",5.25,112.25,407.53,417.48,414.25,420.1,415.43,412.48,404.15,410.04,419.8,415.52,425.8,418.32,418.94
"8",5.25,112.75,404.55,419.31,416.16,425.79,415.82,412.66,403.59,409.43,421.35,416.39,423.42,423.91,417.84
"9",5.25,113.25,410.53,415.55,416.65,416.88,407.99,414.7,407.35,411.27,417.91,417.5,422.93,426.62,417.5
"10",5.25,113.75,395.96,421.6,412.56,408.72,410.48,421.01,406.5,411.36,413.01,426.32,412.69,422.61,428.66
"11",5.25,114.25,381.28,410.69,407.42,451.88,425.56,406.34,400.38,396.52,413.99,424.65,395.45,423.53,430.94
"12",5.25,114.75,354.75,409.98,394.44,471.17,449.53,390.92,389.51,382.5,408.54,421.79,375.73,406.56,441.27
"13",5.25,115.25,339.56,376.49,361.72,371.39,409.79,351.57,333.8,334.79,394.65,387.24,363.97,368.47,395.8
"14",5.25,115.75,382.74,312.88,289.36,312,331.65,278.96,306.3,268.25,293.63,311.25,308.63,335.59,337.56
"15",5.25,118.75,346.18,383.88,390.59,402.15,403.44,391.23,378.57,384.19,394.46,403.96,406.07,411.93,421.96
"16",5.25,119.25,370.44,423.62,397.61,432.72,427.72,418.45,384.3,403.07,404.98,427.78,410.83,415.73,441.82
"17",5.25,119.75,375.93,434.26,394.12,401.91,410.26,417.12,379.71,399.45,402.94,425.46,407.98,404.23,436.39
"18",5.25,120.25,376.69,421.23,359.14,362.77,384.83,394.73,353.26,374.42,374.01,412.01,393.94,357.32,438.24
"19",5.25,120.75,382.63,421.26,364.82,378.98,390.43,392.51,353.83,375.65,383.65,404.7,400.71,367.64,427.19
"20",5.25,121.25,387.11,414.95,389.06,389.17,404.31,404.61,382.46,395.75,395.99,416.33,416.23,388.71,435.68
"21",5.25,121.75,378.91,423.37,390.72,381.54,399.58,413.95,381.76,397.57,397.23,423.14,410.51,397.83,437.31
"22",5.75,109.25,380.01,415.06,394.31,431.93,428.09,404.18,385.66,399.95,402.36,410.73,412.68,413.72,431.38
"23",5.75,109.75,384.82,409.93,399.56,424.67,418.82,404.17,386.51,400.97,405.62,409.71,422.58,416.84,425.79
"24",5.75,110.25,375.36,407.94,404.76,412.75,402.82,405.97,382.36,398.83,406.89,412.16,426.18,429.37,421.41
"25",5.75,110.75,375.54,406.76,410.19,417.98,401.93,407.64,384.25,399.87,411.95,413.9,429.26,435.76,418.68
"26",5.75,111.25,390.01,411.62,408.75,426.34,413.63,407.76,388.89,402.64,416.06,412.37,429.81,422.59,418.91
"27",5.75,111.75,396.86,409.9,412.23,425.43,410.95,408.4,393.36,404.26,418.24,413.12,431.29,422.85,416.58
"28",5.75,112.25,394.5,415.97,413.06,422.73,415.49,409.43,399.27,407.05,418.45,411.22,423.42,430.16,416.97
"29",5.75,112.75,394.95,421.57,411.34,421.81,417.03,410.13,399.12,407.12,418,410.68,418.78,429.95,417.05
"30",5.75,113.25,403.47,418.49,414.25,410.71,406.81,411.08,404.37,407.87,416.63,415,418.29,423.41,416.65
"31",5.75,113.75,406.59,416.67,416.48,417.21,410.09,417.36,406.28,412.73,417.18,419.67,424.08,426.76,420.12
"32",5.75,114.25,406.54,420.37,418,421.22,413.95,417.73,409.14,413.86,418.53,420.45,420.13,428.06,420.6
"33",5.75,114.75,404.07,417.79,419.19,436.04,422.23,412.8,410.43,410.16,422.74,421.84,417.44,422.58,422.97
"34",5.75,115.25,371.53,419.82,402.88,508.45,453.22,392,386.04,385.89,426.87,416.82,400.11,405.65,431.16
"35",5.75,115.75,316.31,381.1,387.27,549.69,465.2,364.14,337.76,344.51,420.84,413.68,377.96,428.36,423.47
"36",5.75,116.25,326.7,373.4,374.16,513.72,438.29,364.95,344.08,353.19,391.67,395.61,371.21,441.09,416.33
"37",5.75,118.25,400.75,413.95,409.49,451.83,421.76,414.28,393.02,402.66,421.81,421.54,422.49,427.92,424.33
"38",5.75,118.75,391,413.93,410.21,405.73,415.27,419.42,406.96,411.1,411.6,426.98,419.24,417.33,436.66
"39",5.75,119.25,392.16,420.09,393.31,401.91,423.26,414.08,393.56,405.97,403,420.42,419.58,395.54,443.14
"40",5.75,119.75,383.01,433.69,378.75,389.38,411.96,409.8,376.13,394.72,391.68,417.74,400.43,384.58,440.61
"41",5.75,120.25,379.8,412.81,350.8,358.82,385.88,391.53,342.24,371.27,373.73,404.62,412.3,349.25,439.08
"42",5.75,120.75,374.21,405.92,318.6,323.54,374.47,356.93,320.73,342.79,356.89,375.28,392.56,303.94,429.29
"43",5.75,121.25,375.14,420.73,345.48,362.74,378.55,381.18,328.71,358.05,374.79,399.14,399.87,338.79,427.94
"44",5.75,121.75,369.95,421.62,379.28,375.37,385.79,400.49,358.66,381.8,390.55,415.55,411.25,383.6,431.46
"45",6.25,109.25,384.8,413.38,391.86,414.16,415.09,402.65,381.26,397.58,400.88,406.15,417.63,411.18,425.34
"46",6.25,109.75,383.76,404.22,392.66,437.18,426.43,398.1,380.34,396.79,403.91,401.71,423.58,416.46,424.12
"47",6.25,110.25,385.76,404.56,389.35,415.48,417.77,397.33,382.26,396.92,398.79,398.48,421.04,415.46,423.98
"48",6.25,110.75,372.96,407,400.66,425.11,415.35,398.19,382.51,396.58,407.89,400.28,421.02,434.89,416.89
"49",6.25,111.25,368.99,407.38,405.34,416.14,401.82,405,381.94,397.86,406.11,409.23,421.01,442.72,418.24
"50",6.25,111.75,391.16,414.03,407.45,421.68,409.8,410.44,393.69,405.36,410.29,409.88,418.28,438.3,416.8
"51",6.25,112.25,393.92,418.9,405.32,416.81,414.52,406.63,395.67,404.59,412.78,403.94,415.92,433.24,414.83
"52",6.25,112.75,393.45,412.52,403.2,405.9,408.52,402.01,392.31,401,412.47,400.12,422.67,427.25,413.31
"53",6.25,113.25,391.82,417.08,409.87,400.44,403.23,407.07,397.43,403.7,413.78,409.7,419.35,426.26,416.18
"54",6.25,113.75,401.47,415.79,410.61,402.12,403.83,405.28,399.23,403.19,417.47,408.5,422.64,418.07,413.44
"55",6.25,114.25,398.71,419.16,412.18,416.8,404.6,408.34,394.82,402.65,417.84,413.63,420.51,423.76,414.02
"56",6.25,114.75,407.85,416.01,411.06,422.37,415.57,409.84,399.92,407.42,418.15,414.15,427.12,414.05,419.5
"57",6.25,115.25,407.12,417.9,417.8,431.16,421.27,413.64,407.17,411.43,422.39,420.48,425.82,418.43,423.11
"58",6.25,115.75,388.68,424.63,418.62,467.04,440.63,412.73,401.53,405.7,429.96,428.09,417.17,423.63,432.1
"59",6.25,116.25,360.78,418.41,408.71,472.52,446.71,402.22,385.15,390.2,422.78,424.94,395.34,433.97,431
"60",6.25,117.75,412.25,422.53,420.05,450.87,406.81,425.2,392.38,407.42,429.64,431.26,435.74,452.43,425.23
"61",6.25,118.25,399.44,422.91,415.32,410.17,410.18,426.09,402.84,415.07,416.29,430.13,429.29,428.03,433.75
"62",6.25,118.75,395.75,410.33,401.93,391.19,395.85,408.7,386.42,400.12,407.05,417.96,433.16,403.99,428.11
"63",6.25,119.25,390.48,420.41,391.17,381.34,395.26,408.62,380.58,395.63,398.94,418.72,417.1,391.43,431.93
"64",6.25,119.75,393.11,427.79,389.26,374.32,397.95,412.53,387.65,399.92,395.26,418.43,405.72,395.36,433.76
"65",6.25,120.25,387.12,414.82,377.6,359.36,390.84,404.95,372.85,390.95,389.29,412.32,418.13,377.23,435.37
"66",6.25,120.75,368.9,415.78,328.37,308.65,381.75,372,334.5,356.87,363.45,383.5,397.75,313.42,436.73
"67",6.25,121.25,352.03,429.4,317.86,298.01,380.55,367.79,325.41,349.03,354.99,381.9,376.45,305.6,439.05
"68",6.25,121.75,349.33,402.19,299.74,299.66,329.04,345.7,275.66,312.56,342.8,374.37,383.89,286.7,415.94
"69",6.75,109.25,379.84,411.95,383.44,409.8,423.84,395.61,380.84,395.07,396.19,396.91,412.32,405.61,427.36
"70",6.75,109.75,383.06,403.32,389.55,420.96,415.34,396.41,378.65,394.61,398.09,399.52,419.78,416.62,422.27
"71",6.75,110.25,378.24,416.73,386.68,418.92,422.7,394.35,380.08,393.99,400.65,390.81,406.45,424.87,417
"72",6.75,110.75,364.91,418.36,391.72,423.31,417.38,399.33,375.41,394.09,400.58,399.12,407.48,436.88,419.9
"73",6.75,111.25,353.6,414.42,395.31,417.85,406.44,403.31,369.48,392.9,399.04,407.68,413.98,440.99,423.55
"74",6.75,111.75,371.26,417.48,397.69,403.31,397.58,406.49,381.12,397.24,398.43,407.07,406.66,442.96,418.66
"75",6.75,112.25,381.02,418.22,398.69,393.67,400.38,407.89,388.06,401.25,402.54,404.02,411.64,438.02,417.58
"76",6.75,112.75,375.8,414.62,401.74,404.94,399.24,406.41,384.58,399.17,404.13,405,413.81,445.67,415.68
"77",6.75,113.25,378.79,411.77,403.37,404.15,399.2,400.04,386.12,396.26,408.75,400,415.96,440.95,410.69
"78",6.75,113.75,394.21,415.14,402.92,401.36,397.75,402.2,390.57,398.57,409.54,400.25,414.7,435.2,408.95
"79",6.75,114.25,399.55,411.83,402.22,413.59,406.94,401.4,389.33,399.35,412.38,400.4,423.19,425.56,411.14
"80",6.75,114.75,402.95,414.49,408.45,405.73,402.62,407.3,394.87,402.75,414.79,412.06,425.37,413.39,416.11
"81",6.75,115.25,398.66,417.23,411.08,399.27,400.1,413.27,396.14,404.25,415.35,422.55,425.73,406.55,423.26
"82",6.75,115.75,403.61,418.32,412.49,402.88,404.94,418.57,403.33,410.25,413.43,425.85,423.27,411.95,427.73
"83",6.75,116.25,401.72,422.61,420.83,436.37,421.42,421,406.58,413.49,423.39,430.17,424.88,424.96,429.59
"84",6.75,116.75,368.64,418.04,409.45,478.45,436.31,405.52,382.86,393.45,424.43,421.45,410.62,432.01,426.18
"85",6.75,117.25,378.87,441.08,418.1,467.87,451.52,417.37,388.53,402.36,440.17,432.43,419.6,433.12,435.65
"86",6.75,117.75,403.8,438.03,420.75,435.49,430.95,429.43,411.46,419.14,427.47,433.93,420.67,431.78,436.8
"87",6.75,118.25,387.93,420.51,412.25,414.93,411.95,419.22,393.37,408.83,415.42,427.02,430.96,420.69,432.51
"88",6.75,118.75,376.1,423.21,400.08,396.21,402.04,416.9,382.78,401.87,402.53,425.87,418.74,412.82,435.41
"89",6.75,119.25,387.98,428.34,389.31,394.52,409.05,407.44,380.44,396.59,400.96,414.74,411.4,392.44,431.28
"90",6.75,119.75,394.11,420.82,385.36,380.8,399.42,406.03,382.76,395.11,393.2,416.42,409.09,385.16,434.96
"91",6.75,120.25,397.97,408.86,380.71,370.06,395.13,399,377.13,390.66,393.67,408.62,423.78,373.34,432.28
"92",6.75,120.75,397.71,404.42,386.27,365,386.73,398.34,378.37,390.35,396.59,408.96,428.7,378.1,427.81
"93",6.75,121.25,381.07,419.07,362.27,336.61,380.26,395.45,358.25,378.89,382.15,399.88,407.93,363.21,427.47
"94",6.75,121.75,374.58,416.01,360.75,334.57,370.73,400.62,359.03,378.79,371.5,407.44,392.65,368.88,429.21
"95",7.25,109.25,375.43,412.83,377.57,403.61,424.96,389.98,375.64,390.27,394.88,391.34,410.56,396.45,426.2
"96",7.25,109.75,374.89,412.5,382.94,405.53,416.55,395.94,378.87,393.8,392.67,395.44,406.21,416.02,423.69
"97",7.25,110.25,362.62,405.98,387.54,396.49,401.32,396.49,374.01,391.59,391.53,396.96,411.29,431.99,420.57
"98",7.25,110.75,346.5,422.32,384.85,403.88,409.1,395.92,362.4,386.21,397.11,397.03,405.18,428.11,419.55
"99",7.25,111.25,348.48,419.1,388.06,400.31,395.29,397.9,360.17,385.09,395.73,400.76,407.32,436.65,417.05
"100",7.25,111.75,365.42,416.06,394.93,398.9,396.27,405.72,378.46,395.98,395.93,404.22,405.55,446.96,418.25
"101",7.25,112.25,368.93,415.24,395.08,409.99,400.21,407.04,376.52,396.64,398.68,403.07,409.39,450.7,416.18
"102",7.25,112.75,366.43,410.58,397.84,420.93,401.01,402.03,377.01,394.45,399.43,401.06,408.22,457.9,413.91
"103",7.25,113.25,364.39,409.12,395.02,430.84,407.72,396.59,369.68,390.28,403.95,394.57,414.87,454.05,410.4
"104",7.25,113.75,375.53,412.75,394.41,398.88,400.58,401.91,378.39,395.6,401.77,399.08,417.58,436,416.03
"105",7.25,114.25,386.16,410.83,398.69,399.25,398.52,401.14,383.11,396.61,406.63,399.25,421.97,432.66,412.78
"106",7.25,114.75,378.67,412.62,405.19,395.71,395.55,401.42,385.56,396.09,410.37,405.3,420.96,429.47,413.76
"107",7.25,115.25,391.81,417.98,411.74,403.38,402.34,409.94,396.03,403.62,414.88,417.04,421.28,417.9,419.42
"108",7.25,115.75,393.3,414.78,410.51,405.53,394.17,408.47,386.2,398.06,416.05,420.17,429.33,411.18,419.02
"109",7.25,116.25,411,415.23,408.38,399.92,391.34,407.35,391.73,399.1,415.71,416.12,427.35,408.48,416
"110",7.25,116.75,398.04,428.34,416.45,428.36,419.58,416.33,398.39,407.68,425.22,426.63,425.69,413.15,427.43
"111",7.25,117.25,389,445.62,418.89,444.34,437.86,426.49,408.83,413.72,427.13,438.4,405.62,426.32,441.71
"112",7.25,117.75,416.53,432.49,413.15,410.61,415.3,422.8,407.81,415.31,421.67,421.12,423.67,426.08,426.5
"113",7.25,118.25,393.21,427.14,411.76,412.33,414.44,422.77,401.1,413.44,413.11,425.05,419.82,429.24,431.09
"114",7.25,118.75,389.89,423.02,401.96,406.82,402.66,420,390.09,406.39,402.08,423,412.67,428.11,429.58
"115",7.25,119.25,400.05,426.46,392.42,399.19,405.8,410.49,384.44,399.1,403.97,414.09,412.58,399.41,425.31
"116",7.25,119.75,398.07,415.55,387.29,384.71,394.44,402.44,378.56,392.73,397.11,410.69,417.52,390.42,426.33
"117",7.25,120.25,402.7,399.72,378.74,371.04,385.44,391.44,368.84,385.2,395.31,395.13,432.81,386.29,418.58
"118",7.25,120.75,401.11,406.73,376.97,360.08,379.77,395.12,372.02,386.77,389.13,397.14,419.19,391.3,419.23
"119",7.25,121.25,401.16,406.64,388.48,359.88,375.57,401.16,380.12,391,394.58,408.94,421.05,389.7,420.82
"120",7.25,121.75,394.27,405.04,385.56,382.09,396.64,404.14,380.35,394.9,392.74,412.36,422.42,388.02,431.97
"121",7.75,109.25,375.78,413.63,379.78,421.56,424.98,391.05,366.31,387.16,401.18,393.21,416.91,396.12,420.13
"122",7.75,109.75,374.53,416.11,376,416.96,421.11,395.21,372.66,391.24,387.93,393.71,398.94,417.03,424.66
"123",7.75,110.25,361.86,407.12,380.23,434.49,422.78,393.34,364.13,388.81,393.05,391.29,411.6,433.81,420.96
"124",7.75,110.75,357.82,416.06,387.17,411.84,414.59,394.9,371.68,390.42,397.78,393.6,406.34,433.63,418.34
"125",7.75,111.25,347.59,408.4,384.33,397.68,394.76,394.15,359.43,384.4,390.9,394.79,411.26,439.28,416.74
"126",7.75,111.75,357.99,405.31,388.6,409.64,391.9,394.25,360.95,384.76,394.52,395.12,414.48,446.75,412.01
"127",7.75,112.25,342.07,417.8,393.73,419.44,393.15,401.68,357.1,385.02,399.58,402.26,406.77,464.23,412.19
"128",7.75,112.75,342.56,417.99,394.36,412.69,400.7,399.9,364.42,388,401.15,399.39,407.17,457.34,414.2
"129",7.75,113.25,352.66,418.65,386.82,417.28,394.43,396.83,357.88,383.28,396.39,392.71,400.49,462.44,407.42
"130",7.75,113.75,359.81,414.96,388.6,409.87,396.78,395.94,362.9,386.25,398.89,392.03,410.34,452.77,409.8
"131",7.75,114.25,355.86,416.98,393.59,406.86,402.47,402.18,366.03,391.34,401.34,405.03,420.87,439.15,423.59
"132",7.75,114.75,355.21,416.34,398.22,397.59,396.47,401.04,372.18,391.07,402.67,406.9,415.23,434.89,420.18
"133",7.75,115.25,362.94,414.61,403.56,391.47,392.37,401.12,378.31,392.49,407.52,408.4,418.88,430.12,417.44
"134",7.75,115.75,379.01,405.43,408.37,402.94,391.91,406.04,382.87,396.8,408.47,418.51,429.8,419.14,421.9
"135",7.75,116.25,387.63,407.63,405.31,395.16,382.48,404.17,377.14,391.81,409.64,418.54,431.53,407.52,418.53
"136",7.75,116.75,386.1,423.17,405.76,378.97,385.53,406.71,384.85,394.65,411.7,419.24,420.26,405.95,421.58
"137",7.75,117.25,409.47,435.51,410.25,409.93,422.9,418.33,407.84,412.31,419.78,423.93,416.51,404.05,431.94
"138",7.75,117.75,413.18,432.21,403.22,392.18,402.06,417.69,401.02,406.7,412.49,417.79,409.67,414.17,422.71
"139",7.75,118.25,407.21,428.99,394.9,397.55,411.79,414,393.88,405.28,406.03,414.19,413.4,405.02,428.82
"140",7.75,118.75,405.49,424.03,396.94,384.13,391.02,415.83,389.66,402.21,402.88,417.13,413.51,411.89,423.2
"141",7.75,119.25,413.72,422.03,396.57,390.99,398.26,409.41,392.45,401.31,408.54,406.28,415.21,411.43,414.79
"142",7.75,119.75,404.66,414.99,386.22,392.65,398.26,398.28,376.57,391.15,403.6,398.5,421.12,399.55,415.04
"143",7.75,120.25,413.31,411.71,377.92,382.8,396.35,392.38,375.18,387.44,398.81,392.52,419.85,386.12,415.24
"144",7.75,120.75,405.41,413.84,380.87,368.89,390.86,396.63,376.82,389.22,398.56,397.49,419.37,385.69,417.37
"145",7.75,121.25,393.71,404.04,390.17,370.5,388.57,399.7,380.4,392.5,398.01,409.2,428.28,386.41,425.88
"146",7.75,121.75,386.35,398.27,392.93,387.25,385.7,401.17,372.03,390.33,397.88,414.65,434.87,395.15,426.88
"147",8.25,109.25,361.15,415.48,381.93,427.14,416.2,394.54,362.23,385.14,394.02,403.17,405.81,410.56,425.01
"148",8.25,109.75,371.05,409.61,385.15,418.01,405.48,397.16,365.19,387.68,394.98,401.4,412.38,416.81,418.43
"149",8.25,110.25,364.15,414.21,385.48,412.94,406.03,401.59,365.99,389.95,393.37,405.3,409.46,420.73,423.05
"150",8.25,110.75,350.88,412.56,384.57,405.79,405.25,396.69,366.01,388.38,389.88,399.19,405.51,434.14,423.37
"151",8.25,111.25,350.21,397.55,377.57,405.81,402.03,381.43,352.86,377.71,391.78,382.31,419.81,427.07,412.42
"152",8.25,111.75,361.62,405.48,391.65,409.51,405.06,399.69,372.81,393.09,398.49,395.89,416.14,443.53,415.21
"153",8.25,112.25,362.56,419.52,392.17,400.19,400.68,400.34,374.86,391.67,401.72,394,403.18,448.27,409.64
"154",8.25,112.75,346.53,419.94,396.05,412.54,405.45,396.31,368.67,387.14,405.96,398.24,405.28,443.41,411.77
"155",8.25,113.25,335.47,425.02,393.84,413.71,394.08,398.57,356.85,381.94,404.42,397.06,399.57,465.52,406.24
"156",8.25,113.75,351.79,422.89,392.25,428.37,406.09,394.96,364.25,384.95,405.1,390.45,398.16,463.33,404.2
"157",8.25,114.25,352.21,414.37,389.68,417.82,412.82,397.79,365.45,389.74,399.43,400.38,415.28,432.91,422.21
"158",8.25,114.75,349.82,421.93,391.33,391.58,402.94,399.07,371.81,390.39,396.78,405.21,406.9,427.84,426.58
"159",8.25,115.25,345.34,417.98,392.95,387.08,391.22,398.69,365.22,386.25,397.19,407.7,410.74,427.23,422.79
"160",8.25,115.75,361.44,417.81,401.98,394.13,392.9,404.12,378.58,393.36,403.99,410.89,410.94,432.37,418.56
"161",8.25,116.25,359.44,412.8,398.16,388.37,388.11,401.44,368.62,388.17,403.32,413.47,422.32,414.63,422.11
"162",8.25,116.75,368.47,414.19,401.35,393.02,390.33,402.07,371.9,390.33,407.92,413.51,426.82,414.71,420.88
"163",8.25,117.25,392.16,436.28,402.75,397.51,412.97,416,394.51,406.61,410.71,419.96,413.3,412.02,431.61
"164",8.25,117.75,393.25,434.63,406.93,396.86,408.99,417.95,400.5,409.33,410.96,418.26,408.4,426.6,426.1
"165",8.25,118.25,396.95,435.29,393.38,390.61,400.5,411.79,386.06,399.49,403.81,411.61,403.66,414.04,421.88
"166",8.25,118.75,408.47,429.82,391.95,385.21,396.83,410.78,389.91,399.14,402.95,411.37,404.13,403.94,420.7
"167",8.25,119.25,401.15,433.22,387.92,381.03,395.19,411.29,383.03,396.88,400.32,411.17,403.25,403.74,422.18
"168",8.25,119.75,401.25,429.24,382.24,387.41,397.85,402.55,373.12,390.14,402.17,401.72,409.9,397.34,416.91
"169",8.25,120.25,399.5,418.4,378.69,404.64,404.07,393.85,361.37,383.23,405.86,395.86,424.44,387.08,414.32
"170",8.25,120.75,386.69,421.58,381.63,376.63,396.33,394.55,371.57,386.64,398.4,398.54,412.52,392.47,419.8
"171",8.25,121.25,378.28,423.67,383.43,373.33,399.79,399.37,377.11,391.69,394.86,401.87,407.19,401.32,425.12
"172",8.25,121.75,369.29,405.35,389.21,392.07,391.03,396.99,360.82,384.84,399.94,409.19,433.17,399.91,425.05
"173",8.75,109.25,350.13,420.96,375.12,391.28,391.33,396.36,348.08,378.58,386.68,403.88,405.4,409.8,423.76
"174",8.75,109.75,355.12,412.36,375.88,400.06,385.94,391.28,345.4,374.62,386.73,401.23,407.79,411.34,417.94
"175",8.75,110.25,357.04,417.48,377.68,382.46,382.07,397.61,351.82,380.09,386.79,402.07,406.56,416.38,418.27
"176",8.75,110.75,352.87,419.8,376.81,365.3,379.41,400.95,356.21,381.91,385.42,403.26,402.36,416.87,421.27
"177",8.75,111.25,358.58,407.42,381.91,374.95,392.02,399.98,372.18,391.19,382.62,401.34,406.42,425.13,426.93
"178",8.75,111.75,351.15,417.59,391.43,395.66,404.69,404.35,376.35,394.76,394.94,403.2,402.76,439.97,422.53
"179",8.75,112.25,373.29,414.25,385.81,400.4,390.47,398.46,363.86,384.42,402.96,390.4,408.58,440.04,401.49
"180",8.75,112.75,374.87,413.43,384.58,421.74,404.15,395.36,364.9,386.73,400.24,387.12,407.44,444.23,403.88
"181",8.75,113.25,342.3,430.2,385.68,416.98,397.06,397.5,353.82,380.32,398.6,394.33,390.28,457.45,405.89
"182",8.75,113.75,346.4,428.92,384.2,423.19,401.51,394.8,348.9,378.17,402.27,393.67,399.53,444.48,406.31
"183",8.75,114.25,347.16,426.5,392.18,405.5,401.42,397.57,363.66,385.07,404.03,399.91,402.83,436.79,412.92
"184",8.75,114.75,336.66,419.97,387.33,410.56,396.37,396.8,349.45,379.86,397.52,404.33,409.53,431.97,417.82
"185",8.75,115.25,325.92,424.5,386.46,395.1,392.37,398.38,351.58,380.08,391.96,409.2,401.25,431.95,425.29
"186",8.75,115.75,337.08,416.78,394.74,385.69,382.06,400.99,367.26,386.88,392.04,405.24,398.49,456.41,417.3
"187",8.75,116.25,357.39,417.65,395.04,393.03,405.51,398.38,380.68,393.4,400.42,401.28,406.34,430.62,421.03
"188",8.75,116.75,358.84,428.02,396.32,392.24,394.55,396.5,371.96,386.34,407.7,399.24,402.51,433.18,409.44
"189",8.75,117.25,386.46,431.94,401.37,402.71,403.5,406.8,386.27,397.98,412.24,405.87,407.26,431.18,413.69
"190",8.75,117.75,413.32,431.31,407.65,394.69,412.36,416.42,408.44,411.99,414.82,417.66,416.89,413.81,428.67
"191",8.75,118.25,413.71,426.19,408.58,404.81,409.9,414.47,404.8,409.64,415.05,416.15,417.15,414.6,421.94
"192",8.75,118.75,413.71,421.22,400.13,398.15,402.7,411.19,397.72,404.37,407.05,413.52,413.84,407.98,421.65
"193",8.75,119.25,394.08,433.06,391.51,377.13,403.34,412.91,393.32,402.87,398.3,413.71,400,405.68,429.39
"194",8.75,119.75,385.25,432.58,395.68,365.17,388.99,413.11,388.2,398.7,400.8,417.94,403.07,407.37,426.75
"195",8.75,120.25,395.3,408.95,400.61,404.58,391.93,402.89,375.71,392.17,411.54,411.75,433.28,406.57,416.13
"196",8.75,120.75,398.87,401.31,374.05,381.41,388.47,386.57,368.3,380.22,387.45,399.38,415.55,377.25,424.34
"197",8.75,121.25,385.86,415.48,386.23,380.21,399.86,396.97,378.44,390.9,397.39,404.93,415.48,390.44,426.16
"198",8.75,121.75,379.23,407.08,389.18,384.66,397.66,395.91,372.89,390.34,402.29,397.89,429.01,409,419.08
"199",9.25,109.25,354.69,415.21,368.88,397.3,403.56,387.83,348.68,377.15,385.46,393.74,408.52,401.32,424.46
"200",9.25,109.75,357.6,408.63,361.14,379.33,384.04,383.77,344.5,372.06,372.77,387.81,400.11,409.79,420.07
"201",9.25,110.25,346.16,415.85,361.35,378.6,389,384.94,347.96,373.86,370.14,388.14,388.94,421.88,424.19
"202",9.25,110.75,352.05,417.7,373.58,367.81,375.89,385.64,350.56,372.91,385.12,388.85,397.8,419.57,410.07
"203",9.25,111.25,339.71,423.03,375.28,359.78,379.02,396.9,353.97,379.57,381.27,400.93,395.58,420.89,422.77
"204",9.25,111.75,348.92,431.39,382.38,369.78,385.81,407.87,372.85,390.06,381.44,408.85,377.42,437.99,425.6
"205",9.25,112.25,335.27,436.18,375.67,381.27,386.43,402.19,353.87,380.34,384.46,398.86,377.14,447.04,415.99
"206",9.25,112.75,361.12,433.05,364.9,402.21,409.56,397.7,357.19,383.47,383.25,387.91,381.11,429.59,417
"207",9.25,113.25,360.51,438.35,372.31,409.74,410.09,402.38,360.78,386.37,387.97,394.9,379.69,434.97,417.32
"208",9.25,113.75,349.03,438.22,372.36,405.16,411.63,399.32,357.59,384.04,389.24,393.55,381.98,431.95,418.28
"209",9.25,114.25,344.55,428.16,382.13,411.25,404.54,398.19,352.33,381.6,397.01,400.95,400.8,424.87,416.78
"210",9.25,114.75,332.16,412.74,380.26,429.18,394.02,392.76,334.24,373.04,395.08,393.9,411.84,452.64,408.84
"211",9.25,115.25,332.08,420.45,379.24,417.49,396.04,391.83,340.39,374.36,391.61,396.94,402.76,441.39,415.31
"212",9.25,115.75,337.05,424.33,386.26,397.51,391.44,399.27,360.97,384.29,388.65,401.47,390.1,453.54,418.37
"213",9.25,116.25,347.63,416.55,402.47,418.59,396.19,395.96,372.5,385.66,407.54,400.61,399.13,459.46,406.86
"214",9.25,116.75,360.49,424.61,400.2,408.34,393.37,400.36,376.34,389.18,406.67,399.22,395.25,459.48,405.07
"215",9.25,117.25,373.3,424.02,396.44,398.56,399.64,404.92,379.69,395.77,402.81,404.29,407.61,436.62,417.01
"216",9.25,117.75,406.49,427.68,410.27,387.82,407.43,415.48,412.74,412.44,412.58,415.39,410.1,422.06,423.99
"217",9.25,118.25,416.79,429.19,407.6,373.96,403.87,414.9,419.57,412.94,409.04,417.64,405.39,413.59,430.32
"218",9.25,118.75,378.67,427.54,409.34,396.67,394.64,423.15,392.64,405.91,404.94,432.95,409.4,430.3,433.63
"219",9.25,119.25,376.47,427.52,398.82,375.25,388.16,415.28,384.15,399.46,400.2,420.35,408.55,420.49,427.4
"220",9.25,119.75,390.48,420,392,341.95,362.94,405.13,379.24,389.2,397.21,411.92,410.68,403.03,417.73
"221",9.25,120.25,376.96,414.94,397.77,356.94,371.02,401.47,378.84,389.34,400.24,411.64,415.59,410.86,418.66
"222",9.25,120.75,384.45,406.27,391.89,373.3,389.35,401.91,386.09,396.2,391.53,409.21,415.86,411.12,428.68
"223",9.25,121.25,380.6,407.63,392.82,384.8,388.69,398.49,372.64,390.13,401.35,403.44,426.75,412.7,417.75
"224",9.25,121.75,387.84,406.54,391.29,381.79,396.2,396.76,379.17,392.12,401.6,403.18,427.63,398.91,422.56
"225",9.75,109.25,360.83,413.05,371.67,396.84,404.46,390.82,354.97,382,386.73,391.97,411.19,410.93,422.94
"226",9.75,109.75,361.88,408.88,359.27,389.21,396.59,377.67,344.3,371.33,380.45,374.29,405.06,413.44,412.35
"227",9.75,110.25,340.56,421.63,362.39,378.87,385.68,389.86,342.52,373.54,373.61,388.89,389.26,431.81,420.18
"228",9.75,110.75,352.32,424.46,366.38,359.81,382.72,392.63,359.84,380.28,374.3,386.81,381.03,436.04,417.95
"229",9.75,111.25,326.03,435.96,375.21,378.12,375.17,390.62,340.06,368.51,387.41,394.16,380.75,440.55,408.26
"230",9.75,111.75,338.82,433.5,384.63,363.85,369.16,406.87,361.76,382.52,383.11,412.78,377.5,441.35,420.64
"231",9.75,112.25,327.06,453.42,377.91,361.96,370.57,400.88,355.11,373.31,385.59,403.92,353.07,449.03,412.71
"232",9.75,112.75,335.62,448.77,367.03,362,391.93,404.12,354.82,379.9,380.19,404.73,368.78,417.76,428.54
"233",9.75,113.25,367.4,441.13,373.87,385.52,394.62,410.22,365.86,388.83,385.53,403.7,377.32,431.82,420.86
"234",9.75,113.75,360.56,439.91,374.87,404.21,412.86,401.5,364.05,386.93,391.72,397.53,382.6,421.68,419.68
"235",9.75,114.25,349.04,414.3,381.19,408.19,386.77,399.71,344.26,377.23,393.68,405.99,411.9,427.5,417.13
"236",9.75,114.75,333.22,418.95,376.83,427.93,409.07,395.1,339.76,377.46,393.43,397.67,409.19,434.06,419.53
"237",9.75,115.25,333.1,409.56,362.55,432.63,417.38,389.14,332.53,374.35,380.98,391.53,410.32,423.45,427.55
"238",9.75,115.75,332.47,421.82,379.68,426.79,405.33,394.7,342.47,378.1,394,395.51,405.57,451.17,417.62
"239",9.75,116.25,333.12,428.23,390.36,407.85,391.02,394.6,355.11,378.64,401.03,393.75,392.08,465.65,405.23
"240",9.75,116.75,352.76,423.46,391.55,402.3,384.01,398.13,361.02,382.85,398.1,398.41,397.89,457.81,407.45
"241",9.75,117.25,367.78,417.14,390.99,395.94,383.85,397.55,369.78,386.58,394.67,398.44,400.03,446.83,409.81
"242",9.75,117.75,393.26,413.76,393.43,387.76,395.6,401.66,390.93,398.74,396.23,398.88,406.03,431.94,416.28
"243",9.75,118.25,401.17,423.32,411.8,390.48,405.7,413.19,409.45,409.86,414.86,414.23,413.78,423.5,421.09
"244",9.75,118.75,378.2,431.68,407.04,383.13,395.44,423.51,392.07,405.88,407.51,430.79,412.91,423.2,434.76
"245",9.75,119.25,351.47,431.51,403.91,376.87,386.84,415.68,380.17,396.67,401.53,426.53,403.86,432.29,431.56
"246",9.75,119.75,353.01,426.54,393.48,353.76,377.62,405.35,375.32,389,392.49,419.98,401.15,411.6,432.5
"247",9.75,120.25,372.69,425.25,390.27,348.95,370.6,400.8,373.17,384.86,396.31,413.2,404.5,397.56,421.8
"248",9.75,120.75,377.6,415.14,393.01,357.77,379.69,400.07,378.33,390.06,398.28,409.38,417.3,402.08,423.16
"249",9.75,121.25,384.95,414.27,386.64,363.59,397.38,394.42,382.69,392.23,398.75,397.15,418.75,398.41,423.71
"250",9.75,121.75,379.4,402.52,387.85,362.55,385.22,393.81,376.65,388.71,394.91,401.23,424.68,400.08,423.38
"251",10.25,109.25,319.58,401.35,354.35,398.27,398.5,382.64,326.05,367.49,364.74,394.42,409.46,413.32,439.73
"252",10.25,109.75,342.76,394.72,357.94,397.59,397.52,376.48,332.97,367.07,376.02,383.06,418.19,404.67,423.95
"253",10.25,110.25,358.42,399.06,355.51,368.72,391.57,380.76,349.33,374.24,369.13,381.31,406.04,403.68,425.79
"254",10.25,110.75,350.25,419.37,358.99,359.1,374.18,390.43,348.37,374.33,365.68,389.13,382.44,429.61,421.73
"255",10.25,111.25,333.18,424.32,383.12,388.41,374.87,398.48,352.71,377.99,382.35,404.75,383.68,452.92,416.37
"256",10.25,111.75,338.4,423.41,377.88,361.89,366.55,395.74,353.3,376.88,378.84,399.12,385.84,443.57,415.61
"257",10.25,112.25,335.59,431.27,378.69,357.43,356.95,398.65,351.19,373.74,379.15,403.66,374.55,447.53,412.54
"258",10.25,112.75,339.51,457.73,367.54,356.05,374.99,399.18,352.82,372.26,379.71,402.68,350.85,424.62,417.68
"259",10.25,113.25,353.69,443.82,363.08,381.99,390.74,399.81,347.65,375.75,383.94,393.29,373.17,425.78,414.04
"260",10.25,113.75,353.9,429.26,373.5,381.84,388.4,403.38,357.5,384.12,382.41,399.58,387.13,433.98,419.3
"261",10.25,114.25,333.81,411.75,369.45,350.01,349.11,399.26,337.81,371.64,367.43,406.34,395.29,434.26,421.6
"262",10.25,114.75,326.86,411.87,369.8,393.64,381.1,396.01,335.79,373.63,373.43,404.18,400.28,434.18,426.99
"263",10.25,115.25,342.42,410.19,357.83,386.65,390.68,383.34,335.87,369.69,372.41,386.22,401.07,413.57,421.89
"264",10.25,115.75,338.04,420.32,370.49,399.01,394.48,387.45,340.51,373,386.39,387.78,400.86,433.01,414.45
"265",10.25,116.25,335.61,420.72,386.79,416.56,394.94,394.14,353.75,379.88,395.04,393.09,394.9,464.49,408.33
"266",10.25,116.75,359.08,422.32,386,395.27,382.86,391.77,361.24,379.93,396.68,387.06,393.44,456.58,400
"267",10.25,117.25,356.35,424.73,384.15,376.83,370.26,390,360.04,376.39,394.22,384.28,387.07,461.95,396.59
"268",10.25,117.75,367.16,412.66,387.89,373.2,374.65,390.84,374.32,383.86,389.57,390.78,393.79,448.38,407.37
"269",10.25,118.25,383.35,423.34,400.26,382.45,401.28,405.47,394.49,400.47,403.79,409.91,406.61,415.66,423.32
"270",10.25,118.75,400.74,426.4,405.42,371.42,396.72,416.08,409.39,410.03,404.93,415.22,404.25,423.56,424.54
"271",10.25,119.25,376.65,435.18,398.63,374.94,397.39,425.19,396.93,408.38,394.08,430.59,397.96,434.17,446.15
"272",10.25,119.75,298.49,446.88,397.61,347.02,364.33,409.52,360.28,379.87,389.69,432.5,378.05,448.43,440.12
"273",10.25,120.25,350.39,427.59,383.33,347.56,382.27,396.22,366.2,381.76,391.72,410.43,402.65,394.22,431.35
"274",10.25,120.75,379.83,421.78,390.16,355.41,388.32,403.31,382.35,393.46,399.09,407.58,412.83,400.4,425.08
"275",10.25,121.25,373.21,413.17,389.81,376.51,400.87,398.29,378.58,392.49,399.88,404.17,420.63,401.75,426.95
"276",10.25,121.75,371.6,419.41,382.76,377.08,394.74,396.81,369.23,384.94,395.67,406.95,409.58,393.48,427.27
"277",10.75,109.25,277.62,399.55,304.33,352.28,347.77,356.53,267.18,326.35,317.93,367.79,367.3,417.04,427.39
"278",10.75,109.75,302.26,405.71,341.45,359.75,374.62,373.49,317.71,355.65,347.84,385.38,382.29,414.8,433.53
"279",10.75,110.25,347.23,404.92,350.19,354.87,387.48,383.52,348.07,371.97,357.85,394.4,391.48,384.55,439.82
"280",10.75,110.75,375.25,402.08,358.83,362.74,379.2,388.61,358.43,377.7,364.86,393.61,395.09,398.03,427.69
"281",10.75,111.25,339.95,412.22,371.2,366.15,358.37,394.63,344.91,371.82,367.94,406.11,386.6,430.91,422.17
"282",10.75,111.75,326.16,417.02,374.89,340.79,332.77,400.29,336.82,368.16,368.43,410.09,386.25,449.71,416.81
"283",10.75,112.25,319.43,422.14,374.28,360.56,343.66,399.35,329.34,365.46,373.8,409.55,386.41,446.67,414.56
"284",10.75,112.75,296.46,444.51,370.61,387.86,371.6,391.09,321.26,358.07,382.65,404.64,368.61,439.98,414.84
"285",10.75,113.25,312.41,421.25,370.77,399.49,366.08,398.35,322.22,366.09,375.35,403.71,388.8,462.12,415.48
"286",10.75,113.75,328.51,414.28,366.53,378.94,373.05,395.65,333.4,371.36,374.11,397.46,397.84,438.06,419.32
"287",10.75,114.25,315.57,417.58,357.6,341.71,339.52,390.4,312.78,356.78,363.07,401.84,394.6,423.45,420.07
"288",10.75,114.75,306.68,405.29,349.93,350.96,353.19,377.13,309.06,353.05,358.56,386.45,399.55,426.85,421.15
"289",10.75,115.25,316.68,407.85,366.05,373.04,369.85,385.14,328.02,364.57,371.27,397.96,402.77,424.68,424.6
"290",10.75,115.75,326.57,415.31,360.89,378.56,371.26,383.13,329.9,364.26,370.06,384.97,388.53,445.65,414.05
"291",10.75,116.25,315.8,416.57,379.61,367.86,352.9,381.64,332.63,361.03,387.9,384.95,394.05,466.74,397.68
"292",10.75,116.75,351.41,424.61,383.55,373.12,368,387.96,357.03,373.94,393.55,384.79,387.19,456.99,396.9
"293",10.75,117.25,363.29,423.54,385.21,367.42,388,388.34,373.53,382.94,395.07,390.95,394.75,421.41,412.09
"294",10.75,117.75,357.79,418.91,384.58,357.83,364.92,392.27,366.44,379.98,387.17,392.48,390.78,447.32,407.67
"295",10.75,118.25,374.24,426.4,396.62,376.4,385.43,400.55,380.58,390.78,403.42,401.97,401.17,429.82,410.69
"296",10.75,118.75,392.51,420.83,401.67,385.28,390.34,404.43,389.7,397.4,407.87,404.81,411.2,427.09,411.87
"297",10.75,119.25,386.22,425.15,417.52,384.78,387.8,417.16,402.31,404.93,414.47,427.36,411.55,431.99,424.33
"298",10.75,119.75,364.21,413.05,410.64,377.4,391.71,414.32,394.4,404.06,402.27,429.37,422.76,430.3,441.93
"299",10.75,120.25,359.71,415.53,389.48,341.16,371.73,396.33,372.99,384.33,392.5,410.3,411.17,402.08,427.85
"300",10.75,120.75,344.03,421.5,389.68,344.58,373.22,395.01,363.16,379.83,398.01,407.5,412.05,407.49,423.19
"301",10.75,121.25,368.63,416.09,394.57,372.16,392.06,397.91,377.83,389.89,401.54,409.77,418.02,402.25,426.74
"302",10.75,121.75,342.16,424.21,394.39,375.84,395.96,402.51,373.75,388.79,395.72,422,405.35,406.63,439.86
"303",11.25,109.25,246.83,395.01,266.19,316.92,285.92,371.1,288.15,301.93,282.37,365.28,345.73,443.13,410.51
"304",11.25,109.75,302.03,406.12,314.92,322.16,328.32,361.5,283.71,332.12,332.44,354.67,363.29,436.83,399.04
"305",11.25,110.25,327.91,410.97,343.89,330.01,367.83,377.63,336.57,364.25,351.8,375.65,376.39,414.91,420.35
"306",11.25,110.75,340.51,403.6,349.07,347.86,363.67,385.63,339.74,369.22,349.85,385.63,381.34,426.11,423.55
"307",11.25,111.25,350.44,387.05,362.67,379.29,346.32,377.91,337.72,361.4,360.15,383.12,386.11,455.66,404.14
"308",11.25,111.75,334.54,407.67,361.51,361.86,342.16,389.03,327.7,363.05,361.95,389.33,385.75,459.6,407.44
"309",11.25,112.25,321.81,422.98,367.39,368.46,338.55,397.39,324.43,361.42,366.68,403.19,372.7,463.17,408.49
"310",11.25,112.75,297.58,421.16,374.26,390.26,357.56,381.67,313.04,351.15,383.81,402.23,389.78,435.03,408.74
"311",11.25,113.25,285.3,421.64,367.66,380.28,346.6,388.81,302.22,350.83,373.79,403.37,388.99,455.45,412.23
"312",11.25,113.75,293.7,413.37,359.94,348.99,330.61,384.43,295.41,345.02,369.26,401.92,399.68,423.95,411.6
"313",11.25,114.25,303.03,412.77,354.08,330.18,332.8,380.33,307.21,349.29,359.27,394.39,391.25,421.81,416.3
"314",11.25,114.75,298.22,391.96,355.71,338.58,323.49,376.85,305.45,347.99,351.6,392.77,398.53,446.01,417.5
"315",11.25,115.25,301.8,405.98,364.58,350.96,340.76,384.24,315.28,355.68,365.42,397.52,397.98,442.22,417
"316",11.25,115.75,302.93,407.24,371.16,366.08,349.03,383.24,317.75,357.31,376.13,393.07,403.26,452.5,410.04
"317",11.25,116.25,337.58,421.7,351.54,346.14,349.75,369.55,320.57,350.96,373.37,363.83,382.32,440.38,392.06
"318",11.25,116.75,344.44,424.99,361.14,369.23,372.91,374.97,336.43,362.08,382.69,367.32,384.65,444.99,396.41
"319",11.25,117.25,362.61,414.82,386.3,386.54,389.18,375.91,369.43,374.9,402.33,376.02,394.76,437.53,396.61
"320",11.25,117.75,338.78,428.77,387.54,361.79,378.39,389.17,365.68,378.39,394.14,393.11,387.37,441.6,410.9
"321",11.25,118.25,370.25,415.64,380.07,354.17,382.08,387.63,374.05,382.95,387.52,391.86,398.7,409.9,417.31
"322",11.25,118.75,369.5,425.58,398.68,370.95,380.04,398.24,381.64,388.83,404.87,398.84,398.18,440.36,406.77
"323",11.25,119.25,391.95,427.18,411.65,389.76,398.26,413.96,403.63,407.32,411.6,415.47,407.9,434.72,419.4
"324",11.25,119.75,392.86,417.17,407.7,381.42,400.43,413.83,401.27,407.56,407.12,423.35,424.18,410.79,435.55
"325",11.25,120.25,385.94,405,392.91,372.51,390.39,397.39,381.3,391.51,398.44,412.65,428.15,389.53,432.24
"326",11.25,120.75,359.34,416.52,389.07,355.01,378.39,395.16,365.07,382.74,398.01,407.8,420.93,399.84,425.23
"327",11.25,121.25,353.81,422.8,385.06,358.03,382.43,392.57,364.92,380.99,393.18,405.8,407.32,403.09,426.86
"328",11.25,121.75,365.06,408.35,393.6,383.07,388.15,394.12,366.71,384.89,401.36,408.97,428.84,405.56,425.82
"329",11.75,109.25,314.09,417.31,303.77,326.77,339.57,385.04,272.5,332.19,337.53,387.41,370.98,372.6,422.8
"330",11.75,109.75,286.41,421.44,336.23,347.73,349.25,394.78,293.74,351.99,346.72,394.12,375.5,438.07,423.03
"331",11.75,110.25,318.42,406.62,345.1,347.63,357.9,386.34,321.71,361.91,350.6,383.87,382.54,434.34,418.73
"332",11.75,110.75,340.81,403.83,347.27,338.29,359.96,381.65,337.64,365.96,352.12,379.08,380.93,420.47,415.96
"333",11.75,111.25,331.75,403.79,352.67,357.51,352.65,372.73,330,356.48,356.07,377.97,374.19,433.5,406.87
"334",11.75,111.75,319.86,396.14,355.46,341.98,340.83,378.23,327.44,358.43,351.74,384.66,383.93,442.49,413.09
"335",11.75,112.25,322.69,409.27,359.84,352.1,346.13,395.66,331.88,367.73,354.27,397.85,379.26,454.38,419.31
"336",11.75,112.75,316.09,416.74,364.07,362.75,338.79,387.83,317.44,355.34,367.35,396.88,380.68,446.5,406.03
"337",11.75,113.25,302.51,417.1,368.65,357.58,340.07,388.31,310.62,353.19,375.21,404.37,396.49,430.55,411.88
"338",11.75,113.75,295.91,400.37,360.38,340.37,310.48,379.08,287.55,338.26,366.53,401.43,409.46,424.58,407.03
"339",11.75,114.25,298.91,429.89,359.13,341.26,339.73,378.24,300.86,342.78,377.72,395.68,389.17,406.52,407.12
"340",11.75,114.75,307.59,404.84,368.12,346.77,329.08,383.36,315.03,353.67,368.07,395.88,397.33,445.98,407.21
"341",11.75,115.25,300.03,396.78,368.81,347.97,332.32,387.7,314.2,356.38,364.05,406.74,407.53,437.57,421.36
"342",11.75,115.75,298.77,411.28,372.17,358.15,337.32,386.08,313.9,355.01,374.32,398.32,398.68,454.89,409.1
"343",11.75,116.25,307.56,413.36,357.11,354.11,344.19,372.54,305.31,346.97,371.87,379.8,397.1,438.2,403.01
"344",11.75,116.75,323.07,420.55,361.27,351.07,346.76,376.48,326.42,355.87,370.96,375.7,377.76,458.67,398.68
"345",11.75,117.25,359.33,426,374.63,379.92,373.61,387.06,352.88,372.91,388.38,380.98,383.86,450.33,397.84
"346",11.75,117.75,363.64,425.02,383.49,383.25,378.46,388.61,363.08,377.21,391.93,393.17,387.53,432,406.24
"347",11.75,118.25,366.11,413.99,380.53,338.22,366.86,385.19,367.7,377.95,390.04,386.6,402.42,416.88,407.99
"348",11.75,118.75,353.75,431.61,391.16,357.6,380.46,396.09,375.47,384.87,397.34,400.02,389.69,430.22,414.29
"349",11.75,119.25,383.32,422.97,396.77,361.27,386.53,401.78,390.42,395.44,400.57,406.55,405.33,413.41,420.09
"350",11.75,119.75,406.18,411.94,384.04,364.75,393.67,396.36,389.83,392.36,392.77,408.78,411.44,374.97,432.48
"351",11.75,120.25,394.54,415.56,399.21,384.9,399.11,408.53,388.97,401.4,404.69,415.94,428.17,406.36,431.67
"352",11.75,120.75,392.2,411.35,381.6,357.62,388.03,393.07,377.81,387.15,393.19,403.98,418.11,378.63,428.87
"353",11.75,121.25,363.52,425.58,392.72,369.77,399.22,402.17,382.01,393.83,398.71,410.68,407.55,407.51,431.19
"354",11.75,121.75,356.1,418.05,378.25,363.41,386.76,392.83,360.01,380.48,388.74,404.11,411.1,399,430.23
"355",12.25,109.25,357.25,446.09,359.47,363.51,398.65,416.92,368.78,387.59,372.08,414.84,356.66,411.16,442.12
"356",12.25,109.75,328.73,437.56,360.79,368.7,389.41,408.95,348.37,381.33,369.37,403.1,369.54,436.3,429.86
"357",12.25,110.25,325.11,423.38,354.81,360.23,377.61,394.22,337.49,370.93,363.48,392.05,375.29,427.02,422.07
"358",12.25,110.75,327.42,405.02,351.21,334.76,356.6,382.04,334.74,363.85,354.28,384.51,381.78,419.36,418.03
"359",12.25,111.25,314.45,409.14,356.9,332.07,347.71,378.4,328.54,357.88,360.17,385.51,381.06,423.38,411.8
"360",12.25,111.75,302.38,407.53,343.8,311.23,323.82,373.93,306.18,345.22,347.51,382.98,379.49,424.47,411.4
"361",12.25,112.25,312.17,406.05,341.82,317.36,324.08,372.23,303.49,343.93,349.88,378.24,383.74,424.27,406.34
"362",12.25,112.75,304.42,415.01,357.12,327.04,326.32,383.47,307.77,348.68,363.31,395.86,387.91,423.63,409.46
"363",12.25,113.25,279.91,407.79,365.78,361.79,321.42,395.08,296.95,348.65,357.32,421.53,390.1,446.34,424.6
"364",12.25,113.75,288.12,407.72,374.51,365.64,325.6,389.47,300.14,347.68,374.03,416.22,403.74,437.81,414.84
"365",12.25,114.25,280.13,429.02,369.7,354.72,335.79,377.93,296.87,338.93,384.88,403.14,389.63,419.41,405.21
"366",12.25,114.75,264.32,409.29,378.77,357.3,308,386.11,298.43,342.52,370.39,409.41,385.23,452.52,404.25
"367",12.25,115.25,284.1,411.5,380.3,368.81,338.24,399.72,316.86,360.74,370.52,423.34,396.3,455.1,426.52
"368",12.25,115.75,280.49,406.06,378.09,384.69,338.49,391.95,305.04,353.95,373.48,414.05,403.54,464.22,418.26
"369",12.25,116.25,302.39,414.55,367.91,364.77,347.33,380.43,311.05,352.36,377.85,391.35,399.71,443.9,406.54
"370",12.25,116.75,334.95,412.32,378.81,377.51,366.85,382.99,340.54,367.09,388.85,387.4,402.05,442.77,402.93
"371",12.25,117.25,339.24,425.42,370.6,375.51,375.5,383.65,343.05,367.6,381.54,390.83,385.82,426.36,412.26
"372",12.25,117.75,351.14,414.33,384.12,371.61,359.36,378.36,356.85,365.82,388.27,393.61,383.93,431.13,403.5
"373",12.25,118.25,352.31,408.36,386.46,339.24,348.51,380.88,363.33,370.86,387.8,389.15,394.76,436.97,402.13
"374",12.25,118.75,343.92,420.93,388.91,352.48,364.01,385.52,361.04,373.33,396.79,391.61,396.22,436.71,404.15
"375",12.25,119.25,359.61,423.1,387.84,350.44,375.21,388.42,369.83,379.64,399.43,391.93,401.35,421.03,408.93
"376",12.25,119.75,381.15,409.58,376.63,345.97,379.12,380.72,366.96,375.38,393.4,394.65,415.88,371.36,421
"377",12.25,120.25,410.41,404.02,401.17,360.37,371.99,399.21,393.5,393.2,405.49,409.97,424.12,399.71,416.66
"378",12.25,120.75,408.69,409.1,409.28,388.71,398.99,415.23,403.96,410.07,409.75,420.36,432.08,413.08,429.12
"379",12.25,121.25,385.35,427.02,398.96,406.47,419.23,417.63,388.47,405.77,409.98,421.11,423.15,413.21,437.93
"380",12.25,121.75,370.48,413.45,376.17,385.73,406.03,399.64,367.79,389.5,386.83,407.66,415.19,394.4,438.79
"381",12.75,109.25,396.68,444.35,353.13,364.53,407.06,419.02,389.95,398.01,364.39,407.46,347.85,418.51,446.29
"382",12.75,109.75,350.01,440.18,374.39,401,410.79,416.13,364.97,392.89,384.36,411.54,379.25,433.81,433.07
"383",12.75,110.25,323.59,423.31,370.61,380.84,397.28,399.32,352.56,381.67,376.9,399.19,386.49,435.39,428.45
"384",12.75,110.75,318.84,414.91,360.52,357.43,374.86,393.34,338.45,371.6,364.31,397.64,385.94,422.09,426.75
"385",12.75,111.25,310.83,406.42,360.63,324.47,348.19,383.87,336.23,363.92,358.94,389.06,382.89,432.49,417.17
"386",12.75,111.75,319.82,398.92,355.54,311.28,329.43,381.46,328.51,358.4,352.62,388.67,387.34,426.3,414.34
"387",12.75,112.25,306.21,417.23,348,315.58,332.96,381.38,311.59,350.85,355.73,386.43,379.88,423.88,411.51
"388",12.75,112.75,306.73,412.05,353.59,318.36,338.98,388.05,318.05,357.98,358.12,393.96,390.88,423.53,419.63
"389",12.75,113.25,281.86,406.21,367.97,331.96,322.54,397.88,311.33,357.26,358.75,414.26,394.32,451.2,424.25
"390",12.75,113.75,275.57,402.16,370.42,322.54,305.32,389.75,301.21,345.92,363.22,415.73,398.87,439.56,417.8
"391",12.75,114.25,270.85,405.16,358.55,331.81,306.67,370.48,274.64,327.6,369.06,399.03,407.59,419.39,405.96
"392",12.75,114.75,270.18,403.66,371.45,353.85,318.37,387.41,296.32,345.32,365.86,412.68,398.87,455.06,416.69
"393",12.75,115.25,304.37,399.41,371.54,371.43,346.55,397.32,325.66,365.37,359.3,418.87,396.6,445.39,433.98
"394",12.75,115.75,296.55,401.82,372.12,373.67,336.33,389.97,309.14,355.85,369.37,404.45,404.19,462.25,413.7
"395",12.75,116.25,316.26,414.22,372.97,390.64,355.28,396.1,320.73,364.46,376.34,401.86,397.56,463.23,411.32
"396",12.75,116.75,342.68,413.72,382.97,346.77,356.8,384.17,354.08,370.12,388.74,391.91,397.52,427.09,404.61
"397",12.75,117.25,321.13,410.43,382.22,357.73,358.66,380.44,345.29,364.93,383.83,397.4,396.2,430.66,413.38
"398",12.75,117.75,334.24,403.41,377.43,326.56,344.58,375.65,353.58,364.06,374.7,394.77,392.58,419.03,416.34
"399",12.75,118.25,352.21,402.46,377.47,344.26,363.05,375.92,357.56,369.35,383.04,389.69,405.58,407.63,414.69
"400",12.75,118.75,352.2,419.34,392.85,348.24,370.34,394.17,370.73,382.18,396.73,404.29,405.12,418.83,417.12
"401",12.75,119.25,340.53,416.4,392.61,361.9,377.92,390.92,362.2,379,400.41,402.2,413.51,420.67,417.67
"402",12.75,119.75,355.64,412.98,385.78,349.94,373.29,388.47,361.44,377.1,395.45,402.64,416.7,396.38,420.78
"403",12.75,120.25,366.98,409.5,392.76,356.12,380.29,394.52,376.47,386.88,396.98,407.72,419.42,402.59,426.16
"404",12.75,120.75,400.23,418.64,411.97,401.24,401.14,407.98,392.94,399.08,424.32,420.16,433.32,405.92,423.71
"405",12.75,121.75,383.12,407.19,402.58,418.34,406.24,413.37,380.62,400.65,407.89,421.87,433.6,418.24,430.82
"406",13.25,109.25,345.25,431.03,346.3,423.73,445.32,392.35,346.24,375.17,378.48,399.46,381.93,376.16,449.63
"407",13.25,109.75,347.44,435.02,380.16,418.24,422.75,409.84,366.41,392.32,391.02,412.43,388.45,422.3,434.71
"408",13.25,110.25,344.3,424.71,376.94,388.48,409.75,401.96,364.69,388.96,386.24,403.21,395.86,415.03,430.3
"409",13.25,110.75,322.44,425.26,364.9,359.65,391.86,398.63,350.06,379.1,370.42,405.39,385.04,406.66,436.6
"410",13.25,111.25,318.01,426.82,360.4,347.08,383.04,390.02,344.77,371.8,368.71,395,377.87,408.87,427.54
"411",13.25,111.75,285.77,413.12,357.14,305.59,336.27,387.76,326.4,358.99,350.77,399.54,373.95,431.62,426.74
"412",13.25,112.25,276.34,412.01,354.47,313.44,327.15,393.2,312.32,355.69,345.15,407.62,377.12,441.31,431.15
"413",13.25,112.75,276.14,409.45,350.43,317.28,334.99,388.9,309.54,354.99,346.3,398.2,382.11,442.07,428.21
"414",13.25,113.25,268.19,397.11,369.24,354.68,333.63,397.56,307,357.45,358.09,416.94,400.87,458.22,430.12
"415",13.25,113.75,300.62,402.28,367.14,344.47,335.97,389.87,310.71,355.07,370.11,408.04,410.75,421.62,420.27
"416",13.25,114.25,282.68,410.06,358.76,349.17,335.33,381.57,291.33,343.93,367.86,402,406.75,421.77,418.18
"417",13.25,114.75,288.78,391.5,372.22,336,311.78,388.08,304.93,348.61,365.16,415.56,411.19,434.02,419.89
"418",13.25,115.25,301.6,399.6,372.48,356.74,332.85,393.22,312.72,357.04,367.43,418.06,410.39,428.32,425.92
"419",13.25,115.75,296.36,394.91,378.49,398,344.53,392.05,307.53,357.9,377.23,406.87,417.78,470.61,413.33
"420",13.25,116.25,313.8,409.74,384.75,401.32,360.37,398.07,326.11,367.65,385.56,411.59,409.35,456.85,415.36
"421",13.25,116.75,312.85,405.61,388.77,375.26,359.85,385.89,342.68,367.18,387.53,401.5,401.68,446.9,410.62
"422",13.25,117.25,332.89,402.32,379.3,357.56,352.5,383.3,340.5,366.68,382.46,392.09,408.73,437.64,407.47
"423",13.25,117.75,345.6,403.76,382.79,333.78,343.25,386.32,354.8,371.27,380.79,396.77,403.76,432.02,410.94
"424",13.25,118.25,368.18,398.04,382.85,345.84,360.38,380.92,363.59,375.5,390.03,384.52,416.44,423.62,405.51
"425",13.25,118.75,369.46,411.66,385.93,328.62,364.41,392.77,375.99,384.54,389.64,397.14,408.55,413.06,417.1
"426",13.25,119.25,362.04,418.93,388.18,360.64,380.28,397.66,368.57,385.63,396.27,402.48,412.06,417.82,419.74
"427",13.25,119.75,357.03,421.88,388.87,363.43,382.76,397.71,368.32,385.33,397.46,402.13,408.6,421.31,419
"428",13.25,120.25,367.82,409.69,401.11,377.52,390.95,401.97,378.65,391.53,407.43,416.82,429.66,403.87,429.48
"429",13.25,120.75,371.15,420.1,418.59,414.69,404.55,407.89,389.6,397.28,429.07,417.99,427.83,442.16,420.85
"430",13.25,121.25,374.66,409.23,400.12,386.29,390.23,408.01,379.93,397.35,400.26,416.95,427.05,419.89,428.95
"431",13.25,121.75,374.66,395.06,409.93,406.49,383.23,406.96,372.32,391.25,412.77,425.32,445.7,415.29,424.18
"432",13.75,109.25,361.77,426.13,380.77,422.53,431.77,406.81,367.05,392.35,401.48,411.1,411.59,401.98,437.91
"433",13.75,109.75,339.62,435.46,389.46,404.82,423.62,407.07,377.31,394.19,396.72,416.7,389.74,416.13,439.36
"434",13.75,110.25,330.35,425.49,390.51,402.66,409.47,406.72,368.13,390.11,392.31,420,395.69,420.65,437.28
"435",13.75,110.75,325.42,424.81,377.96,379.44,396.9,401.21,354.91,381.97,382.4,414.35,394.31,407.27,436.74
"436",13.75,111.25,311.56,426.12,370.45,358.75,387.01,397.39,347.11,376.17,374.81,409.1,387.48,409.96,436.15
"437",13.75,111.75,307.13,413.28,362.32,337.13,361.65,396.49,338.28,371.5,359.24,403.9,385.45,429.02,432.64
"438",13.75,112.25,308.68,412.15,360.01,326.84,357.13,390.7,331.14,366.11,363.45,399.05,395,413.75,427.99
"439",13.75,112.75,297.35,411,356.67,344.1,350.09,394.59,319.1,363.47,356.88,396.33,387.99,450,422.4
"440",13.75,113.25,299.37,394.77,359.33,369.74,334.36,397.28,303.95,358.51,355.63,401.64,402.41,471.78,417.66
"441",13.75,113.75,306.1,407.9,367.39,340.37,335.68,401.11,318.13,362.39,365.31,416.99,403.3,426.14,427.48
"442",13.75,114.25,294.16,406.19,365.05,357.54,329.58,393.87,304.6,353.56,361.54,412.68,397.94,443.85,421.89
"443",13.75,114.75,299.58,400.52,378.1,380.17,347.9,395.18,315.25,361.37,375.47,416.36,415.46,440.35,423.98
"444",13.75,115.25,305.23,395.08,377.75,369.7,333.62,396.43,315.81,360.14,370.98,418.27,413.52,443.08,421.76
"445",13.75,115.75,313.58,392.87,371.31,389,350.87,388.86,310.11,358.9,376.3,401.7,424.05,444.27,414.87
"446",13.75,116.25,325.71,395.14,367.5,388.31,364.97,384.88,321.49,364.38,379.11,381.66,419.07,460.3,405.7
"447",13.75,116.75,338.98,389.29,378.47,368.15,365.9,379.44,343.91,369.21,386.25,384.49,423.09,434.98,407.91
"448",13.75,117.25,317.89,394.52,385.44,353.24,356.45,384.81,339.16,366.43,387.28,406.99,426.28,413.37,422.59
"449",13.75,117.75,357.58,408.36,385.32,356.66,357.5,393.36,362.01,377.55,381.59,408.9,401.14,421.05,421.01
"450",13.75,118.25,377.94,392.58,389.27,369.29,368.27,388.76,364.91,380.94,395.64,396.24,430.98,416.78,411.25
"451",13.75,118.75,353.55,411.52,384.39,338.97,359.68,388.9,359.51,376.26,391.16,394.91,411.81,422.06,412.17
"452",13.75,119.25,381.88,409.46,396.1,367.95,376.28,401.77,377.92,391.49,400.07,406.19,421.33,419.69,416.03
"453",13.75,119.75,344.66,415.86,392.85,356.37,364.39,397.56,358.91,379.8,397.96,404.86,414.12,433.23,413.95
"454",13.75,120.25,326.96,427.07,394.68,365.15,365.15,401.18,353.84,378.34,397.37,410.2,402.53,449.18,416.14
"455",13.75,120.75,342.44,426.27,394.54,363.73,375.88,408.65,368.58,389.26,392.65,416.74,402.17,437.66,427.29
"456",13.75,121.25,353.95,401.55,387.39,385.71,397.06,398.25,365.09,388.86,392.91,407.28,429.7,413.64,432.72
"457",13.75,121.75,368.69,406.52,411.52,412.78,400.06,408.47,379.18,397.29,415.81,420.72,439.27,426.67,425.92
"458",14.25,109.25,358.41,433.72,378.26,431.33,433.16,397.86,360.38,382.69,405.07,408.58,400.09,388.42,431.81
"459",14.25,109.75,328.22,429.34,396.18,419.36,418.88,405.47,366.59,389.99,404.29,417.06,403.34,429.35,433.12
"460",14.25,110.25,319.3,420.42,396.91,415.81,415.02,405.93,367.4,389.9,399.78,419.73,403.1,433.14,436.01
"461",14.25,110.75,313.07,419.98,390.24,410.76,410.33,404.93,355.71,385.13,394.52,421.33,406.43,423.04,439.45
"462",14.25,111.25,306.58,413.74,380.41,372.01,385.93,398.69,345.1,377.41,382.86,412.98,407.36,420.61,435.47
"463",14.25,111.75,325.02,404.15,375.17,373.78,379.52,399.61,343.72,378.13,377.1,409.88,412.46,419.67,432.32
"464",14.25,112.25,326.75,398.3,372.52,353.61,366.12,397.23,340.79,375.26,373.55,407.29,417.07,414.45,429.87
"465",14.25,112.75,304.36,403.56,367.73,352.57,350.22,398.4,323.94,367.46,366.93,403.69,404.91,447.52,422.58
"466",14.25,113.25,325.38,395.49,367.58,400.43,357.22,398.76,318.86,367.14,370.79,398.22,409.14,467,411.14
"467",14.25,113.75,342.59,403.68,365.53,363.48,347.01,401.45,325.41,367.29,371.89,407.21,409.44,424.22,416.95
"468",14.25,114.25,286.54,408.67,370.41,363.59,326.17,398.59,302.67,353.22,362.81,424.92,397.5,444.14,427.58
"469",14.25,114.75,281.27,395.35,381.26,380.84,325.23,393.28,298.67,350.88,374.98,420.8,417.56,457.45,418.07
"470",14.25,115.25,322.61,390.44,390.79,400.39,349.65,402.87,332.61,372.27,381.55,420.39,421.99,461.45,420.51
"471",14.25,115.75,329.08,385.9,389.87,400.77,345.48,401.88,329.06,370.27,382.18,421.22,429.15,453.99,419.78
"472",14.25,116.25,340.35,393.35,384.3,387.2,354.07,399.61,338.78,374.39,379.23,413.49,421.22,443.89,421.04
"473",14.25,116.75,344.65,393.3,376.13,355.43,355.23,386.04,341.07,370.24,382.35,390.57,424.11,433.04,411.37
"474",14.25,117.25,333,401.31,388.09,352.96,357.39,390.6,347.98,373.16,389.33,405.87,422.61,421.98,418.81
"475",14.25,117.75,387.77,401,393.55,384.75,372,400.31,368.82,387.14,397.81,407.54,426.32,417.27,413.09
"476",14.25,118.25,398.36,409.68,383.82,374.95,386.03,396.48,377.46,389.71,393.69,398.22,414.69,404.66,416.87
"477",14.25,118.75,374.54,405.83,398.8,379.95,366.63,398.74,365.37,383.74,403.53,408.21,425.86,423.87,409.32
"478",14.25,119.25,366.68,406.03,391.87,373.66,370.1,396.38,360.76,382.13,399.18,402.26,424.72,423.78,410.94
"479",14.25,119.75,297.06,402.16,393.51,360.8,347.69,391.93,330.46,364.1,391.97,417.85,424.47,434.43,422.66
"480",14.25,120.25,252.8,390.77,332.59,278.81,291.54,368.1,272.16,321.69,326.66,415.68,388.82,378.52,446.69
"481",14.25,120.75,225.98,299.06,307.1,275.51,267.58,298.35,254.38,256.23,311.3,324.68,371.35,285.51,450.78
"482",14.25,121.75,259.52,432.17,394.39,382.05,367.2,392.14,322.96,358.53,396.94,426.63,399.21,445.81,434.24
"483",14.75,109.25,392.33,425.23,401.76,423.6,429.33,409.02,397.04,403.86,415.48,412.54,410.41,406.86,425.09
"484",14.75,109.75,340.08,424.26,402.97,423.25,417.2,409.27,372.34,394.46,409.19,421.41,413.45,428.2,432.22
"485",14.75,110.25,310.59,420.36,402.57,412.74,401.52,408.66,360.6,386.7,402.62,427.14,408.22,440.45,435.1
"486",14.75,110.75,314.93,412.71,396.73,402.29,402.56,403.82,361.04,386.49,397.25,421.35,413.71,429.35,437.56
"487",14.75,111.25,316.13,403.04,390.42,382.67,382.71,401.43,350.61,381.72,389.05,416.29,421.36,430.79,432.69
"488",14.75,111.75,312.03,393.41,383.61,388.46,379.04,394.51,337.86,374.5,385.1,409.59,427.9,431.26,429.65
"489",14.75,112.25,308.56,394.75,376.81,392.06,382.89,395.9,329.31,372.43,381.79,411.23,429.87,422.75,434.48
"490",14.75,112.75,296.21,403.89,370.52,376.31,371.96,400.25,324.93,370.81,370.24,413.27,411.43,434.38,436.39
"491",14.75,113.25,290.13,396.56,372.64,369.95,354.64,395.01,314.1,362.31,372.4,412.69,418.53,432.08,427.73
"492",14.75,113.75,313.34,404.89,376.22,372.51,361.63,397.21,326.09,368.17,380.64,409.65,416.97,427.26,422.15
"493",14.75,114.25,295.98,392.2,379.53,346.56,316.75,401.87,310.63,357.47,368.63,432.72,419.97,427.02,429.84
"494",14.75,114.75,319.65,387.73,377.36,365.05,326.11,393.98,309.72,355.71,376.23,421.73,430.9,414.92,420.4
"495",14.75,115.25,317.42,388.78,399.26,381.54,336.02,402.86,333.01,369.29,388.2,430.03,429.98,445.23,421.1
"496",14.75,115.75,311.74,403.72,400.13,382.41,349.6,402.45,342.1,373.12,390,425.75,413.85,452.6,421.51
"497",14.75,116.25,337.2,401.32,398.91,386.56,359.01,404.29,354.13,380.81,388.95,424.3,416.96,441.52,424.11
"498",14.75,116.75,329.94,391.35,389.48,357.94,356.52,395.4,351.33,377.58,381.98,412.26,424.72,432.25,426.85
"499",14.75,117.25,338.93,394.67,383.34,342.49,354.49,382.98,354.88,372.45,382.01,394.43,413.96,428.56,414.89
"500",14.75,117.75,346.71,417.55,389.56,384.51,379.56,397.77,357.8,381.35,392.56,409.27,407.82,427.3,421.03
"501",14.75,118.25,351.48,423.49,390.34,359.92,370.22,398.79,364.97,382.5,392.5,407.92,400.48,425.29,417.97
"502",14.75,118.75,413.53,413.31,401.88,391.18,392.88,402.92,392.8,397.4,411.99,407.9,421.41,400.17,411.98
"503",14.75,119.25,381.88,416.88,403.22,393.6,386.25,406.36,376.3,391.87,409.88,418.07,422.71,408.45,417.93
"504",14.75,119.75,322.33,404.73,401.48,387.86,364.81,400.41,347.13,376.25,398.76,423.36,425.07,434.38,423.4
"505",14.75,120.25,310.16,317.38,309.52,321.08,247.65,340.86,255.36,275.77,306.84,420.51,444.61,357.91,449.81
"506",14.75,120.75,390.79,307.02,284.44,440.42,403.2,273.71,226.63,264.21,305.31,281.25,355.02,263.64,460.96
"507",14.75,121.75,332.03,417.13,409.18,395.66,378.95,400.79,359.11,380.73,412.7,423.05,424.03,432.9,422.83
"508",15.25,109.25,393.68,426.87,407.7,401.3,408.86,418.11,397.94,407.47,414.77,419.68,416.05,419.98,424.62
"509",15.25,109.75,375.01,421.93,410.07,421.27,414.7,416.96,389.35,404.58,414.41,425.47,420.08,421.87,429.19
"510",15.25,110.25,349.81,419.07,405.37,423.89,412.87,414.53,376.53,398.03,407.61,427.89,416.91,426.16,434.63
"511",15.25,110.75,335.94,412.66,400.67,395.99,390.26,409.11,364.38,389.75,399.1,425.81,420.34,426.27,433.68
"512",15.25,111.25,306.1,398.5,397.63,388.01,371.58,401.15,343.49,377.11,393.51,422.77,428.59,439.03,430.85
"513",15.25,111.75,320.81,397.71,391.22,397.59,386.31,402.01,347.85,382,391.48,416.54,429.21,432.14,431.68
"514",15.25,112.25,318.3,398.4,384.13,409.86,394.08,397.71,340.33,378.68,388.43,410.58,427.32,432.08,431.48
"515",15.25,112.75,308.01,397.71,382.96,380.48,371.31,408.34,340.33,379.94,375.24,424.34,417.94,438.02,440.31
"516",15.25,113.25,299.46,400.67,385.94,375.21,359.11,407.75,333.36,373.79,377.48,430.92,416.42,434.54,438.93
"517",15.25,113.75,316.58,407.89,383.84,404.85,377.67,400.37,327.67,371.64,390.6,416.55,424.22,427.92,425.47
"518",15.25,114.25,311.6,397.23,379.1,378.09,359.59,393.83,322.4,364.84,381.68,416.81,427.01,413.4,427.77
"519",15.25,114.75,295.09,388.98,389.5,393.07,341.25,399.51,313.9,361.81,382.68,426.45,429.96,449.3,423.83
"520",15.25,115.25,302.5,386.29,395.95,367.85,328.14,396.03,325.3,361.62,385.31,428,428.62,439.39,421.34
"521",15.25,115.75,284.83,404.06,394.81,354.83,337.65,398.39,336.66,366.85,379.09,426.12,402.21,456.18,427.76
"522",15.25,116.25,301.49,403.01,398.79,359.28,339.9,395.87,346.11,369.16,383.06,424.8,402.35,451.2,424.85
"523",15.25,116.75,319.06,410.16,395.59,357.98,364.52,403.02,363.27,383.18,383.57,421.41,402.23,441.43,432.76
"524",15.25,117.25,328.61,410.24,392.36,342.9,363.77,393.23,368.54,379.43,385.17,412.11,398,424.84,427.48
"525",15.25,117.75,355.79,408.85,394.79,352.32,358.9,395.75,369.82,381.87,390.21,410.46,406.49,422.87,417.88
"526",15.25,118.25,333.32,409.2,390.8,341.44,344.53,395.56,352.72,374.19,386.57,409.44,408.07,437.33,416.01
"527",15.25,118.75,356.81,410.15,396.89,364.65,364.94,399.49,361.2,381.87,401.22,411.01,423.66,419.36,414.72
"528",15.25,119.25,340.24,414.38,397.22,376.34,373.89,399.96,356.45,380.11,400.63,419.06,420.84,414.02,424.25
"529",15.25,119.75,320.28,415.15,406.82,384.4,367.16,409.34,355.36,382.47,401.33,431.07,418.31,442.97,428.26
"530",15.25,121.75,352.33,408.44,405.7,398.26,381.08,406.16,366.99,388.8,404.4,423.05,427.14,432.26,426.01
"531",15.75,109.25,389.92,427.34,410.4,393.51,401.13,419.26,398.08,408.2,412.29,422.26,416.01,425.74,425.29
"532",15.75,109.75,390.06,415.06,409.16,416.51,408.2,416.94,389.04,405.24,414.51,423.69,430.93,416.81,426.78
"533",15.75,110.25,383.38,409.93,405.32,418.16,408.64,412.72,382.3,400.59,412.99,421.68,433.76,411.16,427.45
"534",15.75,110.75,361.18,409.09,404.35,404.63,396.18,407.88,371.74,392.93,409.26,421.6,431.9,415.87,427.09
"535",15.75,111.25,343.05,403.12,399.49,382.18,381.15,406.18,363.35,388.58,399.84,418.76,431.58,426.82,428.11
"536",15.75,111.75,320.01,401.12,393.49,388.17,380.92,403.22,350.43,382.7,391.73,418.1,426.8,435.79,431.82
"537",15.75,112.25,316.71,403.95,394.13,414.88,393.44,404.06,348.22,383,394.13,418.98,423.01,442.77,431.97
"538",15.75,112.75,312.99,402.37,389.35,410.19,381.21,405.52,336.8,378.52,388.04,421.72,424.5,444.11,432.46
"539",15.75,113.25,302.28,402.87,392.39,402.9,366.03,407.14,329.57,373.74,388.45,427.09,423.45,450.23,429.54
"540",15.75,113.75,271.05,400.57,381.25,380.51,345.49,400.37,299.26,356.18,381.99,428.69,429.73,436.84,432.08
"541",15.75,114.25,287.5,408.47,383.97,365.71,356.07,399.82,328.55,369.11,378.77,416.58,409.48,452.25,428.75
"542",15.75,114.75,296.64,402.88,390.59,390.62,350.58,400.77,323.57,365.96,384.49,425.08,416.48,451.09,424.89
"543",15.75,115.25,312.21,398.82,387.28,364.37,348.03,399.55,336.64,370.9,378.39,421.8,415.34,435.38,428.18
"544",15.75,115.75,330.77,415.91,396.55,369.91,365.43,405.52,361.73,382.96,388.88,421.87,400.5,438.06,425.58
"545",15.75,116.25,305.9,404.97,397.15,360.16,355.24,399.73,355.82,377.72,382.8,419.85,402.21,456.64,428.49
"546",15.75,116.75,274.72,418.2,391.58,329.07,342.19,395.63,346.93,367.36,375.42,424.84,382.31,449.45,435.39
"547",15.75,117.25,269.07,420.97,392.98,336.35,344.12,397.12,348.72,368.06,373.57,427.41,374.11,459.94,437.47
"548",15.75,117.75,351.91,417.46,399.69,345.64,356.65,406.34,380.28,388.97,388.41,417.69,392.95,441.43,421.3
"549",15.75,118.25,350.47,419.52,397.09,349.9,361.7,406.11,372.03,387.54,392.88,414.36,403.04,437.19,419.85
"550",15.75,118.75,338.21,422.14,395.1,365.99,375.98,404.43,363.28,385.66,397.13,412.63,409.56,434.63,422.46
"551",15.75,119.25,331.02,416.91,403.99,387.69,372.87,404.53,357.19,381.76,403.07,424.22,417.02,434.19,423.86
"552",15.75,119.75,327.56,403.39,406.05,409.96,374.92,403.56,348.94,381.17,405.79,419.65,433.62,454.44,419.9
"553",15.75,121.75,355.23,414.83,403.73,399.81,386.64,408.57,370.9,391.22,402.3,424.7,419.17,430.67,429.64
"554",16.25,109.25,397.32,424.5,413.17,408.52,410.13,420.71,402.34,411.54,415.03,425.26,419.85,420.08,427.22
"555",16.25,109.75,394.17,411.89,411.54,418.21,404.89,418.16,390.68,405.66,415.25,426.76,432.8,416.47,426.67
"556",16.25,110.25,395.74,405.74,406.73,416.24,402.53,413.72,384.73,401.47,413.82,422.42,438.25,409.89,425.19
"557",16.25,110.75,375.93,407.64,407.45,412.08,395.44,413.66,376.51,397.88,411.17,424.08,435.44,420.94,424.99
"558",16.25,111.25,364.54,398.51,408.33,410.7,390.95,410.9,373.38,395.32,408.88,423.22,438.5,427.73,424.87
"559",16.25,111.75,333.87,395.19,411.19,415.08,384.46,407.97,360.04,388.21,408.42,426.82,442.17,445.73,428.43
"560",16.25,112.25,318.42,388.73,406.27,424.55,382.72,404.75,352.64,384.12,398.12,424.97,434.08,460.4,430.15
"561",16.25,112.75,308.6,396.33,397.24,411.29,370.93,410.42,339.61,380.18,387.9,430.51,426.13,458.35,434.16
"562",16.25,113.25,299.08,398.47,395.21,412.76,366.88,407.18,332.11,374.89,385.44,430.65,421.25,459.03,433.17
"563",16.25,113.75,304.41,403.46,391.53,400.97,376.82,403.95,336.66,376.63,388.94,422.72,422.8,443.65,432.26
"564",16.25,114.25,311.38,409.37,388.03,384.46,373.79,409.17,350.02,383.41,376.23,425.37,403.64,450.14,439.54
"565",16.25,114.75,305.36,407.35,394.16,380.4,362.99,407.1,346.89,380.06,383.02,421.54,407.56,464.09,428.76
"566",16.25,115.25,306.91,401.81,394.9,366.61,349.08,399.52,341.8,372.96,385.44,418.55,414.35,454.13,422.67
"567",16.25,115.75,313.18,413.4,400.07,353.95,343.82,404.13,352.79,375.76,388.49,424.37,400.63,451.64,421.29
"568",16.25,116.25,350.54,402.67,400.16,357.18,364.47,405.69,378.63,391.7,389.79,412.96,410.06,447.82,421.68
"569",16.25,116.75,352.98,405.63,404.89,386.2,378.47,408.15,379.14,394.49,396.86,415.71,412.99,452.75,421.65
"570",16.25,117.25,317.09,415.11,404.74,371.16,362.53,407.41,367.28,385.02,390.12,424.91,395.88,462.63,426.83
"571",16.25,117.75,363.07,412.63,405.45,369.74,370.4,408.68,384.63,394.62,395.77,419.93,406.24,438.97,422.5
"572",16.25,118.25,358.49,411.38,404.75,365.41,364.21,410.59,376.87,392.26,397.55,420.39,413.27,440.12,420.25
"573",16.25,118.75,343.96,409.01,399.16,383.59,381.08,405.01,365.05,388.54,397.95,417.04,422.46,431.74,426.11
"574",16.25,119.25,350.12,412.58,404.67,387.63,389.26,408.58,376.96,394.7,402.12,420.01,418.98,432.22,427.98
"575",16.25,119.75,361.01,406.16,404.27,396.84,398.28,401.65,380.34,394.44,406.23,412.79,426.4,424.87,425.75
"576",16.25,120.25,374.9,425.28,375.47,365.43,385.08,389.4,357.44,375.1,398.82,396.22,407.87,385.65,415.1
"577",16.25,121.75,365.83,409.97,408.19,413.67,386.31,408.05,377.06,391.78,402.84,430.76,417.35,430.09,431.97
"578",16.75,109.25,400.38,420.55,412.14,425.89,418.28,418.71,399.31,409.72,418.22,425.23,424.55,414.04,427.69
"579",16.75,109.75,380.22,414.41,410.21,429.49,409.51,417.34,381.95,401.17,416.95,429.4,431.76,416.51,429.11
"580",16.75,110.25,384.45,407.69,409.26,418.68,400.81,415.87,381.96,400.17,414.28,427.99,435.65,413.76,427.46
"581",16.75,110.75,372.97,403.71,413.86,432.53,397.79,416.12,377.35,398.34,414.25,431.46,435.78,428.35,426.18
"582",16.75,111.25,369.66,395.66,407.27,421.19,391.27,411.98,369.33,394.59,409.47,423.95,443.12,428.43,424.02
"583",16.75,111.75,366.66,394.35,405.78,408.36,386.62,409.9,372.6,395.54,403.04,420.61,438.39,434.66,425.02
"584",16.75,112.25,345.48,397.69,403.18,402.31,386.8,409.56,367.7,393.2,397.89,422.14,431.56,441,430.75
"585",16.75,112.75,334.56,384.56,402.07,443.16,390.54,408.78,351.35,387.36,397.85,422.71,439.48,460.75,428.25
"586",16.75,113.25,357.7,380.38,401.83,435.11,382.88,409.02,361.39,391.09,395.68,416.44,436.64,466.44,420.66
"587",16.75,113.75,352.04,382.06,400.77,436.35,386.9,404.74,358.57,388.81,396.12,414.63,437.19,460.74,421.84
"588",16.75,114.25,346.6,402.98,397.52,398.45,383.51,408.89,366.9,392.46,391.36,415.36,417.96,451.54,425.34
"589",16.75,114.75,345.58,399,400.29,383.82,365.24,404.68,361.01,385.99,395.17,412.78,423.62,452.64,415.98
"590",16.75,115.25,349.35,401.57,404.28,376.65,364.19,407.35,368.4,388.85,398.01,416.1,421.75,450.16,416.81
"591",16.75,115.75,351.16,403.48,406.77,371.71,358.31,408.4,371.15,388.93,398.04,418.56,417.48,451.4,415.31
"592",16.75,116.25,329.58,403.16,400.32,357.88,355.31,402.52,364.69,383.75,390.32,412.28,410.55,460.77,418.22
"593",16.75,116.75,368.02,404.19,400.92,361.77,373.04,402.96,380.76,392.29,400.52,408.01,421.03,429.36,416.26
"594",16.75,117.25,353.91,411.71,402.74,361.48,365.39,403.15,375.68,388.24,399.58,410.54,410.1,443.16,414.08
"595",16.75,117.75,363.45,414.54,404.5,376.69,371.16,407.17,375.39,390.58,401.43,418.99,414.03,430.99,418.64
"596",16.75,118.25,347.19,419.53,404.2,368.32,361.2,413.72,371.89,389.88,394.61,426.96,402.61,445.01,423.2
"597",16.75,118.75,336.27,411.15,399.84,370.87,368.55,406.39,361.56,385.1,397.32,419.09,417.55,436.69,422.96
"598",16.75,119.25,353.12,406.08,405.19,383.93,379.9,404.34,375.52,390.69,400.72,420.14,419.87,427.32,425.04
"599",16.75,119.75,383.2,398.1,403.61,397.96,402.12,399.46,389.32,397.69,407.31,409.28,432.82,413.58,425.14
"600",16.75,120.25,397.01,399.39,398.1,401.65,400.65,395.14,378.78,391.69,416.68,396.93,444.19,413.7,413.3
"601",17.25,109.25,384.67,408.87,411.33,410.43,401.38,418.56,390.86,405.26,411.24,429.11,430.7,419.32,430.65
"602",17.25,109.75,379.63,406.26,409.43,422.17,404.69,416.63,382.21,400.47,413.93,431.11,436.31,412.88,432.49
"603",17.25,110.25,379.14,401.74,407.67,412.04,400.52,412.21,381.1,398.98,413.05,423.11,439.72,415.06,427.31
"604",17.25,110.75,383.43,395.81,409.21,414.63,392.11,411.26,378.65,396.91,412.91,423.1,442.64,418.4,422.45
"605",17.25,111.25,370.66,394.5,407.77,408.46,386.72,413.6,375.86,397.44,405.85,423.36,438.59,433.58,424.51
"606",17.25,111.75,352.92,386.32,413.56,397.98,375.31,409.54,379.04,394.97,402.44,423.51,432.92,450.62,423.32
"607",17.25,112.25,363.43,391.56,403.56,371.33,367.35,409.13,375.73,393.39,396.85,419.13,432.75,434.4,423.9
"608",17.25,112.75,359.98,385.93,399.21,385.84,374.94,410.79,375.2,396.21,388.02,418.72,429.98,447.01,430.22
"609",17.25,113.25,355.93,392.52,405.36,422.7,393.81,412.2,379.47,399.65,395.42,416.88,421.04,468.06,425.69
"610",17.25,113.75,359.51,402.23,400.91,418.76,398.91,409.9,378.42,399.09,395.53,412.11,416.45,459.55,424.41
"611",17.25,114.25,353.85,406.13,397.45,402.29,391.21,405.32,371.34,393.46,395.91,407.48,416.49,452.11,420.18
"612",17.25,114.75,375.13,400.58,403.17,405.5,386.62,406.74,382.29,397.26,399.8,407.02,417.61,455.32,413.44
"613",17.25,115.25,347.45,404.99,401.48,375.19,370.3,406.79,370.68,389.96,396.99,412.01,416.3,452.08,417.07
"614",17.25,115.75,356.75,404.44,401.32,373.04,364.14,413.45,374.59,393.78,389.99,421.12,412.54,449.74,422.96
"615",17.25,116.25,364.3,407.94,399.34,370.2,368.55,409.24,376.93,393.77,393.48,411.34,411.81,448.12,416.26
"616",17.25,116.75,370.29,411.82,406.37,382.81,379.27,411.27,382.09,396.95,402.81,418.7,417.97,432.99,419.46
"617",17.25,117.25,346.34,410.52,398.97,378.33,380.71,406.7,367.5,389.67,399.79,414.89,420.93,433.44,423.3
"618",17.25,117.75,365.84,409.75,398.28,389.73,376.61,406.76,361.73,386.91,404.44,416.34,429.14,420.98,417.63
"619",17.25,118.25,332.18,414.49,396.72,369.34,369.9,404.8,354.22,381.67,399.12,418.66,421.44,427.75,423.96
"620",17.25,118.75,353.7,408.48,403.15,350.93,365.7,411.98,381.62,394.65,393.86,422.8,413.6,432.71,427.94
"621",17.25,119.25,345.06,409.2,409.75,360.38,357.47,408.88,379.36,390.05,396.15,425.28,406.76,447.19,422.66
"622",17.25,119.75,363.03,405.11,407.86,381.75,378.74,407.12,382.02,395.27,402.08,418.27,421.92,434.68,422.24
"623",17.25,120.25,388.48,408.39,409.98,398.32,392.77,408.31,390.46,401.49,412.51,410.65,429.54,437.62,416.24
"624",17.75,109.25,390.36,406.25,408.27,403.83,400.24,415.3,389.13,403.61,413.5,421.87,437.45,418.99,427.59
"625",17.75,109.75,373.48,395.9,409.76,404.23,392.63,410.51,379.77,397.11,412.35,423.96,444.25,419.15,427.95
"626",17.75,110.25,375.08,386.8,402.38,386.92,386.9,405.1,379.22,394.69,406.26,413.34,444.89,419.15,424.59
"627",17.75,110.75,364.21,396.68,397.08,371.93,377.74,408.48,373.31,392.95,398.56,413.36,431.96,427.25,423.93
"628",17.75,111.25,363.96,385.08,400.72,379.11,377.11,406.15,376.17,393.98,397.19,413.12,437.15,432.95,423.67
"629",17.75,111.75,367.95,381.77,405.54,402.47,381.4,401.21,373.65,391.79,404.5,408.71,442.48,440.27,415.22
"630",17.75,112.25,368.65,383.67,400.06,377.98,366.16,404.3,371.38,390.26,395.93,411.42,436.29,436.06,417.13
"631",17.75,112.75,380.65,378.13,392.69,397.72,377.78,404.86,370.23,392.82,391.94,405.13,439.17,443.34,418.59
"632",17.75,113.25,360.46,399.05,397.25,404.17,383.35,415.97,374.31,398.41,388.47,416.48,415.61,464.8,425.81
"633",17.75,113.75,366.61,402.94,397.72,413.99,396.02,412.53,381.93,401.21,391.61,408.85,409.94,468.89,422.41
"634",17.75,114.25,380.12,397.38,404.49,410.13,393.93,407.76,387.36,400.97,400.16,409.33,421.61,446.71,417.35
"635",17.75,114.75,399.74,393.58,405.99,410.58,386.81,404.27,389.8,398.88,405.49,404.39,425.34,443.96,407.6
"636",17.75,115.25,372.58,404.58,402.63,390.67,379.33,408.66,378.94,395.86,400.19,410.12,419.58,447.15,414.21
"637",17.75,115.75,353.75,411.71,403.34,397.06,378.94,412.17,371.24,393.22,398.28,418.9,412.63,451.02,419.44
"638",17.75,116.25,374.32,404.71,398.16,386.12,372.97,408.49,377.48,394.14,392.62,410.91,411.55,447.49,415.47
"639",17.75,116.75,381.44,406.84,400.19,376.89,374.91,409.5,384.64,396.46,396.76,412.5,412.81,435.85,416.81
"640",17.75,117.25,383.39,406.6,406.77,394.22,393.15,409.98,388.43,400.93,407.48,415.82,426.94,422.36,420.79
"641",17.75,117.75,387.17,400.2,395.75,374.58,383.72,404.5,379.83,394.95,400.91,408.57,432.57,411.04,420.77
"642",17.75,118.25,374.82,407.51,398.35,341.99,360.18,409.58,386.1,394.89,391.06,415.48,410.07,427.52,421.47
"643",17.75,118.75,374.87,398.41,399.27,349.61,358.52,406.66,383.08,393.64,391.15,412.1,417.79,434.91,418.61
"644",17.75,119.25,367.26,405.46,401.76,371.86,373.33,402.77,379.15,391.94,398.74,409.73,418.17,435.46,416.82
"645",17.75,119.75,370.66,407.62,406.66,375.46,373.13,406.3,381.53,393.88,403.03,415.54,420.67,432.67,417.4
"646",17.75,120.25,367.97,413.32,406.45,385.25,389.92,404.89,386.4,396.9,408.38,407.78,418.4,443.95,417.5
"647",18.25,109.25,412.47,423.67,429.2,436.89,418.2,421.93,411.09,415.82,439.64,421.14,441.26,462.94,423.2
"648",18.25,109.75,398.63,397.54,405.5,398.13,388.32,411.47,387.83,401.4,410.84,409.98,438.76,439.4,416.91
"649",18.25,110.25,374.79,382.32,402.05,371.23,364.02,406.41,372.8,389.82,402.77,415.28,444.91,426.58,419.18
"650",18.25,110.75,378.54,387.84,394.36,367.46,371.06,405.02,371.2,389.89,398.28,412.67,441.05,410.6,422.36
"651",18.25,111.25,370.73,381.03,399.05,392.62,376.21,406.95,369.43,392.05,397,415.94,443.59,428.16,423.47
"652",18.25,111.75,367.25,377.88,394.33,403.55,379.34,400.63,362.76,388.29,396.35,402.48,442.32,444.25,414.26
"653",18.25,112.25,370.23,373.58,399.77,399.15,363.94,407.21,366.91,390.26,392.68,411.44,438.09,456.21,414.05
"654",18.25,112.75,376.36,375.32,396.71,409.06,372.26,407.81,368.71,392.06,391.41,409.87,434.85,455.88,415.64
"655",18.25,113.25,367.48,377.88,393.66,407.42,365.06,411.27,359.38,389.1,386.96,415.05,433.25,460.06,419.01
"656",18.25,113.75,377.47,378.65,394.11,416.96,377.82,412.77,370.16,395.2,386.46,414.85,428.99,458.49,422.77
"657",18.25,114.25,398.49,388.66,389.88,417.55,380.45,403.46,371.08,391.15,392.51,400.53,422.51,447.62,408.51
"658",18.25,114.75,392.14,388.45,392.43,393.74,369.23,401.52,368.3,388.91,393.92,402.8,431.14,435.65,409.31
"659",18.25,115.25,374.89,399.02,389.12,385.72,368.95,402.52,367.38,388.55,388.33,398.52,413.59,455.35,408.52
"660",18.25,115.75,380.65,416.17,390.95,391.67,391.39,412.26,380.34,398.67,393.2,406.78,405.19,440.38,418.43
"661",18.25,116.25,385.43,413.79,396.09,383.94,375.86,412.02,384.45,397.63,391.59,410.04,400.19,448.03,414.47
"662",18.25,116.75,382.95,408.91,395.38,382.75,380.77,408.54,386.57,398.03,391.02,406.7,403.34,445.41,416.35
"663",18.25,117.25,383.63,403.74,400.35,388.58,381.01,409.31,382.41,396.86,398.49,413.82,419.86,430.88,418.86
"664",18.25,117.75,380.51,400.89,392.26,363.84,376.78,395.11,375.81,387.81,397.66,402.21,425.29,408.05,416.86
"665",18.25,118.25,382.15,404,395.96,362.52,370.79,401.34,380.46,391.67,397.24,403.22,418.51,427.34,412.56
"666",18.25,118.75,374.96,395.72,393.64,344.49,354.95,404.16,380.55,391.03,383.81,411.86,413.76,429.23,421.76
"667",18.25,119.25,377.65,404.02,394.17,354.03,368.51,403.4,382.39,392.04,389.54,413.14,413.31,415.25,424.35
"668",18.25,119.75,384.78,408.84,401.25,367.74,374.88,403.48,385.02,393.81,402.67,408.48,418.38,422.81,414.15
"669",18.25,120.25,390.24,409.17,401.57,382.62,395.58,405.07,393.13,401.71,405.55,403.54,423.06,428.92,418.12
"670",18.25,120.75,383.14,428.44,414.22,411.02,423.77,418.62,400.95,410.01,423.85,426.04,428.2,421.09,437.69
"671",18.25,121.25,424.02,397.64,403.9,423.76,418.5,398.97,397.19,399.2,422.43,411.08,446.71,390.72,428.11
"672",18.25,121.75,405.74,436.95,417.44,417.12,418.24,427.49,408.1,419.12,420.63,426.47,423.35,441.95,432.49
"673",18.75,110.25,375.71,361.71,391.57,421.06,372.41,394.61,365.03,377.88,397.9,401.5,429.7,454.94,409.9
"674",18.75,110.75,395.37,370.42,385.83,373.36,376.92,390.95,377.1,385.86,395.54,391.66,437.12,409.07,410.26
"675",18.75,111.25,392.27,385.46,395.28,375.13,374.53,403.18,378.89,393.26,397.45,407.06,436.93,413.54,416.19
"676",18.75,111.75,381.47,376.39,382.53,376.96,374.56,392.52,361.55,382.73,393.77,391.59,442.38,417.68,410.81
"677",18.75,112.25,388.2,377.38,381.7,383.21,362.73,399.41,364.19,385.76,384.39,391.16,426.19,451.39,405.02
"678",18.75,112.75,391.89,377.94,385.77,398.47,371.3,398.84,369.11,388.01,388.78,390.66,425.21,455.15,403.41
"679",18.75,113.25,383.47,370.03,392.86,402.36,362.85,403.88,365.04,387.68,388.96,405.88,435.75,451.19,410.72
"680",18.75,113.75,386.47,377.09,388.29,401.14,370.4,406.39,366.25,390.15,388.1,403.46,431.93,450.1,413
"681",18.75,114.25,397.68,380.41,387.57,400.72,367.64,405.69,369.04,389.96,388.07,402.01,426.91,449.16,409.83
"682",18.75,114.75,391.23,388.29,384.6,373.91,358.23,401.16,364.42,385.67,387.38,397.38,425.29,439.78,406.87
"683",18.75,115.25,383.97,401.59,389.04,373.4,367.11,405.46,370.26,390.2,390.03,403.63,417.34,434.52,411.39
"684",18.75,115.75,386.63,410.01,386.9,375.75,374.5,411.68,376.42,395.22,386.05,408.04,405.93,435.39,417.66
"685",18.75,116.25,373.09,415.42,389.44,386.07,387.26,411.64,377.3,397.03,387.83,410.15,403.04,436.9,422.56
"686",18.75,116.75,387.92,409.75,393.34,400.92,390.53,409.1,380.74,397.72,393.19,409.55,410.44,432.56,419.17
"687",18.75,117.25,383.51,399.54,392.08,388.48,382.77,402.81,377.15,393.84,392.9,402.25,419.82,436.61,416.21
"688",18.75,117.75,361.23,407.68,397.63,359.65,365.35,407.41,378.91,392.34,387.66,416.72,406.7,435.48,423.91
"689",18.75,118.25,354.05,411.21,394.21,350.97,358.53,402.53,370.55,385.76,388.49,410.64,404.1,436.02,417.36
"690",18.75,118.75,363.08,403.95,392.32,343.74,359.4,400.65,378.45,388.31,383.2,410.86,404.87,427.35,423.25
"691",18.75,119.25,373.86,397.7,386.51,331.68,354.78,396.95,377.04,386.54,381.27,403.33,410.99,418.92,419.7
"692",18.75,119.75,391.35,396.77,380.68,345.12,374.12,389.07,377.56,385.68,389.83,389.94,420.47,401.52,414.83
"693",18.75,120.25,383.36,402,391.89,376.84,392.63,396.55,384.27,394.99,397.89,393.77,422.23,428.66,416.7
"694",18.75,120.75,392.36,409.83,407,400.16,408.57,407.67,396.37,405,411.81,413.03,431.46,418.01,427.38
"695",18.75,121.25,412.27,408.77,402.7,404.65,413.08,403.96,399.21,403.63,413.41,409.85,430.82,397.77,424.59
"696",18.75,121.75,383.49,415.84,407.33,401.33,404.96,408.37,389.9,401.52,410.89,419.76,427.62,412.7,430.09
"697",19.25,110.75,394.11,371.82,390.59,385.29,372.41,403.02,390.33,393.68,383.98,403.13,409.32,435.15,412.01
"698",19.25,111.25,392.8,386.26,390.37,350.87,368.28,400.97,387.04,392.1,391.37,402.95,420.78,409.67,415.24
"699",19.25,111.75,389.19,385.31,377.6,351.13,364.18,397.24,365.68,383.76,386.78,395.99,429.31,403.35,412.81
"700",19.25,112.25,394.45,382.56,374.61,357.88,361.1,399.71,368.56,386.33,379.35,390.7,419.35,429.48,409.03
"701",19.25,112.75,389.71,378.14,375.66,381.48,368.45,397.97,364.16,385.9,380.29,387.79,422.85,444.79,407.52
"702",19.25,113.25,389.67,376.8,380.4,367.97,358.44,403.22,369.26,388.34,380.16,394.78,423.28,447.98,410.02
"703",19.25,113.75,393.11,374.32,380.18,365.21,352.29,400.73,365.42,385.12,381.37,394.3,427.81,442.23,407.21
"704",19.25,114.25,396.51,383.75,383.3,339.65,349.44,396.19,371.32,383.04,389.65,394.23,427.39,416.25,405.46
"705",19.25,114.75,390.88,388.88,384.47,364.02,359.23,397.91,362.59,382.16,394.21,397.25,431.83,418.07,406.04
"706",19.25,115.25,399.95,408.17,385.56,363.07,366.78,404.01,374.22,388.91,393.58,400.7,412.62,416.61,407.49
"707",19.25,115.75,394.91,408.49,387.77,355.31,359.69,403.54,376.93,389.08,388.79,403.56,406.33,421.54,409.25
"708",19.25,116.25,400.78,409.6,387.54,359.37,374.29,403.95,384.73,394.32,390.69,402.27,408.54,412.96,414.05
"709",19.25,116.75,402.47,411.31,389.47,375.46,382.23,410.6,389.43,399.72,388.1,410,403.8,418.71,420.82
"710",19.25,117.25,371.18,403.81,386.13,352.05,367.03,401.15,375.78,390.15,382.47,401.49,407.32,433.6,418.72
"711",19.25,117.75,374.23,402.68,388.05,340.63,351.01,402.44,375.91,387.21,379.3,409.86,402.84,427.21,419.59
"712",19.25,118.25,387.75,392.49,392.05,347.61,360.69,403.7,386.15,393.87,384.47,407.42,414.52,423.16,418.72
"713",19.25,118.75,364.04,399.62,393.55,337.02,350.46,403.89,381.56,389.68,378.73,414.22,401.45,433.9,423.55
"714",19.25,119.25,342.76,398.09,387.38,329.41,349.47,393.64,366.03,379.88,379,404.88,407.44,431.19,421.34
"715",19.25,119.75,372.53,396.76,379.17,325.22,357.72,390.41,376.77,383.84,376.58,393.45,404.75,419.16,418.48
"716",19.25,120.25,384.02,398.25,385.96,342.01,374.42,398.51,385.94,393.76,384.82,400.18,415.84,412.77,423.95
"717",19.25,120.75,384.16,402.1,386.23,359.61,381.33,388.55,377.84,385.34,392.32,400.23,418.88,392.94,422.7
"718",19.25,121.25,397.41,404.61,377.15,372.72,385.02,392.97,373.05,385.11,385.48,404.22,412.71,381.05,426.05
"719",19.25,121.75,367.51,416.39,383.77,360.94,378.21,402.49,373.81,388.3,381.22,416.17,399.43,404.29,434.09
"720",19.75,109.25,331.62,383.89,402.83,404.06,323.46,373.14,306.5,341.14,427.87,395.76,460.7,466.16,381.95
"721",19.75,109.75,363.48,359.02,419.73,375.02,258.04,385.34,320.32,339.82,414.81,437.7,466.21,476.98,402.12
"722",19.75,110.75,350.89,361.6,359.44,459.16,335.28,410.74,344.18,365.76,331.66,417.3,332.92,476.98,415.88
"723",19.75,111.25,405.11,373.51,390.2,398.11,382.69,400.43,401.81,393.67,383.25,408.02,393.42,419.66,416.94
"724",19.75,111.75,396.94,383.61,385.88,339.53,361.3,401.71,389.11,392.75,384.09,399.58,414.56,415,413.84
"725",19.75,112.25,393.13,381.63,367.76,344.25,359.68,391.95,364.15,381.14,377.82,381.66,419.9,418.77,406.26
"726",19.75,112.75,389.89,365.97,368.16,355.32,356.3,391.87,363.8,381.5,372.95,379.24,423.23,441.85,405.65
"727",19.75,113.25,388.04,387.83,378.59,367.92,354.28,406.37,365.23,386.65,377.93,398.56,411.89,447.07,408.38
"728",19.75,113.75,395.46,376.8,372.21,336.93,343.93,397.79,365.81,382.78,374.1,389.73,420.83,429.31,407.47
"729",19.75,114.25,398.29,388.74,374.88,309.72,336.38,394.88,374.67,381.19,378.43,388.81,408.94,417.73,403.72
"730",19.75,114.75,398.55,386.8,379.42,333.86,345.86,391.63,368.01,379,389.09,388.09,422.97,413.3,399.93
"731",19.75,115.25,393.4,399.63,386.22,369.94,360.15,400.93,367.47,384.92,393.14,396.57,416.15,430.95,401.1
"732",19.75,115.75,388.66,407.85,384.29,349.48,350.41,401.94,372.19,385.32,383.98,398.86,398.94,435.72,404.43
"733",19.75,116.25,384.84,399.65,380.13,323.82,339.57,400.6,375.27,385.38,373.44,398.15,397.3,435.31,410
"734",19.75,116.75,366.16,405.57,382.79,340.51,356.57,402.32,371.09,387.2,376.56,403.89,400.81,431.9,418.54
"735",19.75,117.25,352.51,400.64,384.23,325.6,350.81,398.77,367.43,383.69,378.3,403.24,408.46,429.52,419.85
"736",19.75,117.75,351.22,404.94,385.45,319.29,346.97,401.78,372.23,385.09,375.02,408.3,398.25,430.75,422.42
"737",19.75,118.25,288.35,407.68,387.44,318.08,326.51,398.41,350.51,369.89,364.02,419.94,377.32,463.94,428.79
"738",19.75,118.75,278.12,403.14,381.72,297.77,307.31,395.87,339.88,362.82,354.82,420.26,376.2,465.41,429.48
"739",19.75,119.25,322.09,406.75,378.5,310.36,340.72,395.95,360.83,376.32,363.87,408.78,384.7,435.77,428.41
"740",19.75,119.75,367.48,403.69,380.02,318.38,357.76,398.37,384.84,389.34,369.26,403.05,390.28,422.8,427.49
"741",19.75,120.25,384.84,403.15,382.22,339.29,372.18,398.49,386.5,392.86,379.02,400.41,403.78,413.03,424.54
"742",19.75,120.75,361.52,417.45,383.91,340.3,376.18,398.14,380.38,389.12,381.57,405.16,394.47,415,428.58
"743",19.75,121.25,405.99,404.86,373.99,351.65,376.04,394.97,381.17,388.36,379.59,397.85,403.69,392.26,421.99
"744",19.75,121.75,390.83,418.28,379.89,370.5,384.12,404.88,381.15,392.86,380.44,409.59,393.09,408.75,428.3
"745",20.25,109.25,366.74,360.68,421.53,446.96,358.75,385.2,337.99,361.45,436.14,414.47,474.91,464.49,401.36
"746",20.25,109.75,371.58,362.68,420.27,465.14,323.59,386.91,310.3,346.47,433.16,434.66,470.35,473.33,410.9
"747",20.25,110.25,419.86,409.88,417.18,460.49,399.5,423.2,391.39,404.02,416.78,451.88,447.9,461.04,463.02
"748",20.25,110.75,364.97,456.13,380.45,451.1,437.32,406.48,375.46,389.54,397,418.28,367.61,440.21,448.25
"749",20.25,111.25,391.23,378.39,383.42,410.86,404.12,386.79,384.79,383.91,395.04,396.3,408.83,395.36,416.09
"750",20.25,111.75,409.02,374.96,378.39,340.33,363.38,392.82,390.98,389.75,379.78,387.73,412.33,412.05,409.82
"751",20.25,112.25,406.54,363.83,372.03,351.74,361.53,387.3,376.42,383.89,378.96,376.74,425.22,424.91,403.53
"752",20.25,112.75,385.12,375.02,372.86,356.5,363.31,396.44,369.61,385.98,376.37,384,418.38,442.34,408.53
"753",20.25,113.25,402.23,375.31,375.44,365.37,369.51,396.85,377.38,389.58,379.26,386.52,419.9,430.56,409.39
"754",20.25,113.75,400.06,376.61,382.51,343.41,359.17,395.6,380.94,388.92,384.32,391.29,425.92,418.06,409.52
"755",20.25,114.25,391.35,390.32,370.11,329.02,358.37,400.98,375.14,388.38,373.23,390.31,408.67,422.6,414.81
"756",20.25,114.75,394.5,384.76,367.86,313.53,350.73,390.04,376.03,382.57,372.74,380.7,407.36,413.6,407.54
"757",20.25,115.25,395.94,388.5,370.16,339.75,355.61,390.39,369.14,381.46,378.02,378.7,409.49,427.07,400.91
"758",20.25,115.75,391.4,389.36,370.81,341.52,345.51,395.95,363.94,381.26,371.87,387.5,406.82,435.76,404.68
"759",20.25,116.25,372.23,398.84,373.31,320.33,335.8,401.48,362.76,381.17,367.22,399.94,399.01,433.32,414.29
"760",20.25,116.75,375.44,397.79,379.25,309.7,338.12,400.26,378.52,385.7,368.77,400.71,393.2,429.86,415.84
"761",20.25,117.25,355.27,398.35,384.69,326.68,348.82,397.33,370.19,383.67,377.29,400.19,404.2,435.22,415.73
"762",20.25,117.75,330.85,401.09,383.69,315.11,337.43,398.98,361.71,379.03,369.79,408.06,396.53,442.44,422.4
"763",20.25,118.25,325.26,396.66,387.31,314.65,331.63,398.82,367.29,379.29,365.29,411.59,387.43,453.51,423.72
"764",20.25,118.75,373.65,384.1,380.41,324.4,338.75,392.61,373.11,382.26,369.31,395.33,405.24,436.1,413.08
"765",20.25,119.25,389.7,382.55,383.48,326.1,340.6,394.33,383.79,386.21,371.17,397.91,403.09,427.92,412.58
"766",20.25,119.75,384.63,401.09,382.56,321.9,346.93,401.37,383.67,388.84,372.72,404.49,394.02,420.74,417.81
"767",20.25,120.25,371.77,402.13,379.88,322.34,349.98,399.75,375.39,386.28,371.57,404.67,398.89,419.18,422.49
"768",20.25,120.75,378.71,400.74,383.37,332.35,358.46,399.67,379.6,388.56,377.17,406.94,405.28,410.54,424.5
"769",20.25,121.25,398.52,405.43,378.06,358.85,372.63,401.52,379.47,391.26,379.3,400.54,402.94,414.44,419.82
"770",20.25,121.75,385.28,417.9,378.43,353.17,370.67,402.04,376.18,388.28,379.44,404.26,391.18,412.83,420.33
"771",20.75,109.25,388.1,403.03,428.75,406.46,355.84,395.02,388.5,374.71,440.11,426.12,423.32,458.86,410.87
"772",20.75,109.75,439.94,348.15,441.87,469.9,335.65,396.51,414.26,380.52,426.27,439.35,426.72,448.71,419.57
"773",20.75,110.75,422.97,364.67,354.24,414.51,414.99,370.6,366.58,373.56,385.72,376.59,430.89,360.89,423.62
"774",20.75,111.25,418.21,346.89,360.09,371.02,385.34,358.35,378.76,370.04,376.93,367.31,422.21,364.83,410.58
"775",20.75,111.75,417.02,352.01,358.65,343.01,378.73,363.93,382.65,375.58,378.03,356.48,425.55,393.74,406.69
"776",20.75,112.25,412.87,354.47,360.08,355.26,367.34,375.31,369.1,376.13,378.41,360.57,431.16,421.84,400.51
"777",20.75,112.75,400.29,364.46,369.43,332.89,363.14,384.85,382.69,385.73,373.02,375.05,420.46,420.9,410.76
"778",20.75,113.25,403.42,376.4,381.19,348.34,357.14,400.73,383.93,392.37,377.05,394.61,418.19,431.31,412.86
"779",20.75,113.75,407.76,384.58,377.89,350.41,351.45,400.03,380.25,389.22,376.69,388.14,406.82,445.17,403.4
"780",20.75,114.25,408.58,385.74,368.37,347.32,365.78,394.86,382.56,390.04,370.52,380.77,402.37,432,409.57
"781",20.75,114.75,402.97,383,360.44,319.69,359.61,390.34,382.14,386.37,364.74,373.82,397.68,423.58,409.7
"782",20.75,115.25,413.09,372.21,351.26,335.54,362.25,375.01,370.06,375.66,368.73,353.02,406.28,426.15,395.67
"783",20.75,115.75,402.91,379.22,360.76,361.58,364.86,384.75,362.74,378.47,374.37,366.84,411.7,436.66,397.63
"784",20.75,116.25,380.63,387.99,367.64,327.33,340.26,391.73,364.21,378.8,366.29,380.84,398,444.86,402.27
"785",20.75,116.75,382.52,389.66,370.96,305.99,333.87,390.15,367.43,376.56,371.41,387.06,401.41,415.33,403.58
"786",20.75,117.25,370.44,392.35,381.53,307.05,337.98,395.96,378.48,383.28,373.26,396.94,397.51,427.17,411.43
"787",20.75,117.75,363.67,395.67,380.92,315.98,341.12,397.53,373.01,383.79,371.25,398.43,398.9,435.08,414.59
"788",20.75,118.25,385.32,377.46,382.02,340.91,342.7,393.53,371.86,383.31,375.12,393.07,416.13,437.79,408.03
"789",20.75,118.75,385.32,372.2,386.2,340.55,342.91,392.89,375.17,384.46,377.19,396.2,422.27,432.84,410.35
"790",20.75,119.25,400.77,380.91,387.33,344.85,344.48,392.4,381.25,384.58,380.43,397.56,412.16,421.28,406.28
"791",20.75,119.75,394.02,391.81,379.49,324.76,338.38,394.83,376.27,382.82,373.33,397.2,401.86,419.63,409.17
"792",20.75,120.25,381.27,402.93,380.15,316.09,332.28,402.25,375.61,383.86,368.65,406.18,388.79,428.87,414.78
"793",20.75,120.75,375.3,412.44,382.53,344.4,358.77,406.86,374.81,389.88,376.53,407.94,394.8,430.15,420.47
"794",20.75,121.25,389.32,415.12,376.24,343.08,370.86,405.18,377.56,391.15,379.04,403.32,398.03,408.79,422.37
"795",20.75,121.75,389.9,413.55,365.51,332.88,361.07,403.06,369.72,385.31,369.43,399.11,388.63,404.55,419.22
"796",21.25,109.25,382.91,383.99,374.62,261.27,248.31,384.9,321.71,336.18,398.16,399.74,433.67,430.44,388.16
"797",21.25,109.75,388.79,395.5,404.68,431.64,337.26,394.88,315.53,355.33,440.96,414.87,457.01,462.58,402.51
"798",21.25,110.75,384.03,323.39,379.92,458.87,359.94,366.35,332.41,352.25,389.66,395.72,450.98,408.65,399.72
"799",21.25,111.25,403.84,280.75,327.63,444.68,363.83,321.62,301.08,321.76,370.79,334.41,464.68,381.58,383.83
"800",21.25,111.75,391.86,348.72,343.35,358.15,380.46,355.66,363.96,366.76,362.18,339.44,408.23,422.51,398.65
"801",21.25,112.25,376.61,347.06,351.56,309.86,357.39,370.63,374.34,375.88,353.94,356.81,410.9,432.51,413.14
"802",21.25,112.75,404.34,350.08,348.8,318.23,370.26,376.78,394.18,385.14,350.5,359.63,397.67,431.56,421.45
"803",21.25,113.25,398.75,364.58,367.31,301.76,347.96,388.38,391.9,386.19,361.88,384.75,405.83,416.48,421.91
"804",21.25,113.75,417.19,380.62,371.72,300.41,341.68,396.14,395.56,389.33,371.62,383.69,400.07,425.8,409
"805",21.25,114.25,423.77,381.99,372.16,334.1,356.88,392.63,395.48,390.84,374.46,375.44,397.72,440.8,402.52
"806",21.25,114.75,412.78,383.21,361.05,320.2,358.52,394.26,388.53,389.18,366.99,371.84,394.89,439.54,408.07
"807",21.25,115.25,418.11,366.66,354.06,315.03,345.94,385.68,372.34,378.19,367.24,367.47,414.16,418.94,403.47
"808",21.25,115.75,407.49,382.7,366.65,366.05,377.37,388.9,382.53,387.27,376.34,368.47,398.4,444.28,400.19
"809",21.25,116.25,407.65,377.79,360.87,327.36,352.12,381.52,374.02,377.98,371.74,363.84,402.16,426.67,394.19
"810",21.25,116.75,395.71,379.57,366.84,310.52,341.4,378.81,368.08,373.54,375.94,371.65,411.62,407.69,396.11
"811",21.25,117.25,395.57,387.44,379.44,325.56,349.71,390.58,379.99,383.07,381.7,387.47,407.38,411.08,402.17
"812",21.25,117.75,379.02,397.54,381.04,337.92,352.01,396.56,373.95,384.99,377.03,394.87,400.67,429.41,408.62
"813",21.25,118.25,385.79,388.95,380.45,334.7,340.51,400.4,369.81,384.83,374.14,399.22,411.06,433.59,410.98
"814",21.25,118.75,372.59,388.88,379.89,332.68,344.27,393.97,365.08,380.99,376.44,394.08,414.06,432.27,410.33
"815",21.25,119.25,373.75,385.75,386.52,322.31,338.09,391.13,377.54,381.48,375.78,398.78,404.76,426.26,410.97
"816",21.25,119.75,391.78,398.97,376.27,319.48,342.83,397.96,379.69,385.48,369.13,398.77,392.86,419.94,414.83
"817",21.25,120.25,385.34,405.41,375.37,312.18,336.95,402.9,379.89,386.28,364.53,402.02,381.6,430.32,415.87
"818",21.25,120.75,385.91,402.53,378.68,331.32,349.54,406.27,377.72,389.93,370.37,406.04,396.24,425.71,420
"819",21.25,121.25,392.79,403.87,377.46,354.09,364.06,402.66,371.7,387.78,379.05,402.88,406.21,412.25,417.6
"820",21.25,121.75,391.9,408.64,366.85,337.16,349.76,404.36,364.7,382.22,367.75,404.27,390.44,408.78,418.04
"821",21.75,111.75,440.34,332.99,314.09,447.43,366.52,325.91,355.08,334.01,343.1,303.23,327.52,419.09,355.34
"822",21.75,112.25,408.84,402.81,359.79,439.63,433.42,369.15,372.77,371.35,394.22,377.91,386,365.54,414.26
"823",21.75,112.75,366.27,440.61,354.81,321.51,410.53,399.53,402.65,393.21,367.43,385.12,334.52,410.55,434.42
"824",21.75,113.25,421.47,387.33,346.19,321.94,386.58,370.54,410.71,381.4,361.75,351.99,351.64,417.67,410.55
"825",21.75,113.75,440.04,375.01,368.85,352.05,361.29,380.3,420.03,381.46,368.19,378.18,342.91,416.52,396.92
"826",21.75,114.25,425.56,343.09,373.36,306.59,298.76,363.22,374.22,353.47,382.5,372.17,404.39,395.24,372.36
"827",21.75,114.75,400.26,365.96,364.64,299.48,328.51,382.73,373.72,369.18,378.01,374.2,406.97,422.21,397.61
"828",21.75,115.25,422.32,370.25,355.94,305.48,328.35,388.81,369.35,372.31,371.22,374.58,408.14,416.36,398.69
"829",21.75,115.75,397.48,403.08,357.77,346.28,386.35,399.49,372.91,385.62,380.57,383.73,401.1,404.79,418.83
"830",21.75,116.25,398.16,411.3,362.96,393.43,418.17,400.11,386.29,393.84,382.4,383.16,381.91,416.73,419.07
"831",21.75,116.75,425.34,388.06,367.44,338.07,375.01,387.35,395.52,388.15,379.7,374.92,395.57,400.74,404.75
"832",21.75,117.25,405.38,391.79,374.38,336.32,355.1,385.56,376.04,378.95,386.95,376.14,404.39,413.5,392.25
"833",21.75,117.75,420.97,378.98,382.81,355.23,365.03,385.03,396.07,387.44,386.98,377.72,403.72,422.63,395.34
"834",21.75,118.25,409.92,387.81,390.42,368.34,362.67,395.81,391.1,391.14,386.73,394.12,404.54,432.03,402.52
"835",21.75,118.75,389.33,391.08,386.31,336.54,345.02,398.75,382.37,387.92,376.8,399.31,401.9,434.91,409.53
"836",21.75,119.25,390.78,394.71,383.71,334.07,354.87,400.95,384.35,390.83,376.03,403.81,404.4,415.77,418.49
"837",21.75,119.75,403.41,394.5,377.37,331.23,360.76,401.79,390.36,393.96,371.34,400.72,400.26,411.15,422.43
"838",21.75,120.25,412.03,393.48,377.24,326.97,353.85,399.25,391.5,391.68,372.67,397.11,398.11,411.61,416.02
"839",21.75,120.75,404.01,391.78,381.77,327.92,346.68,405.89,392.12,394.07,369.89,404.99,396.56,429.12,419.84
"840",21.75,121.25,399.46,399.89,378.71,335.41,345.17,401.8,373.82,385.35,377.36,401.35,403.45,417.61,410.76
"841",21.75,121.75,410.84,397.53,369.1,338.5,354.5,399.77,375.11,385.9,371.18,397.58,400.77,403.3,415.36
"842",22.25,113.75,463.93,350.45,372.47,431.15,405.62,350.86,407.58,365.58,405.77,367.4,400.53,386.88,405.15
"843",22.25,114.25,401.6,372.92,318.58,364.15,355.3,324.86,345.44,318.08,359.9,336.97,311.92,327.98,358.48
"844",22.25,114.75,394.64,372.33,337.62,268.21,277.69,340.33,342.29,319.97,366.17,340.29,337.12,378.65,339.83
"845",22.25,115.25,373.24,389.98,349.75,285.65,304.69,359.46,346.65,333.57,381.92,357.56,354.02,403.27,363.74
"846",22.25,115.75,375.6,373.84,371.01,343.72,302.79,383.48,344.7,349.03,382.85,385.58,381.45,448.43,373.88
"847",22.25,116.25,390.89,379.82,367.39,336.01,313.26,387.91,359.92,357.53,378.94,384.34,371.72,444.24,380.08
"848",22.25,116.75,387.32,386.99,374.82,314.11,301.49,400.34,365.31,369.03,369.73,398.17,375.76,449.38,390.18
"849",22.25,117.25,385.79,385.89,362.55,336.37,332.49,381.7,346.7,362.91,377.82,372.09,401.48,427.86,383.96
"850",22.25,117.75,394.48,394.17,373.44,330.73,342.18,385.24,367.39,374.91,382.01,375.65,399.27,426.88,388.12
"851",22.25,118.25,396.12,385.62,384.1,338.14,355.15,390.26,392.3,388.68,379.52,381.47,395.77,443.38,399.02
"852",22.25,118.75,404.31,392.34,384.37,357.05,373.17,395.52,393.05,394.25,384.44,386.39,403.35,431.57,405.82
"853",22.25,119.25,407.97,395.39,372.04,334.58,365.96,397.43,388.64,392.48,371.9,389.08,397.99,415.39,415.36
"854",22.25,119.75,408.44,401.25,381.1,339.44,370.24,404.01,401.12,398.87,374.49,400.91,390.94,417.97,422.61
"855",22.25,120.25,416.97,400.97,376.93,331.42,373.7,406.57,404.03,401.27,374.4,400.33,395.19,411.19,427.58
"856",22.25,120.75,366.59,400.34,374.11,332.22,367.37,416.86,371.18,391.85,376.04,417.99,415.08,418.62,444.14
"857",22.25,121.25,399.03,388.64,379.29,326.26,335,393.36,370.58,380.16,379.37,392.21,413.07,423.96,403.5
"858",22.25,121.75,412.66,401.74,368.61,332.02,341.36,397.58,371.4,380.18,371.15,397,392.04,405.2,408.16
"859",22.75,114.75,327.39,387.21,346.29,326.09,291.17,352.58,335.71,316.44,376.86,333.86,298.94,468.36,335.53
"860",22.75,115.25,391.14,381.53,348.73,369.51,337.66,356.84,353.92,346.01,372.15,337.31,345.79,476.54,357.25
"861",22.75,115.75,333.72,393.52,363.82,353.63,271.16,371.77,308.94,323.06,377.46,373.67,346.56,490,351.94
"862",22.75,116.25,317.78,377.79,377.62,320.28,270.5,378.4,321.6,334.91,379.26,387.16,374.5,478.31,366.24
"863",22.75,116.75,319.08,376.56,375.17,263.05,252.9,383.05,335.96,340.24,365.66,394.51,365.14,459.85,375.22
"864",22.75,117.25,340.68,359.77,383.13,298.82,278.06,380.36,345.23,350.32,374.39,391.42,393.43,447.32,375.92
"865",22.75,117.75,335.57,391.98,375.14,322.54,328.7,384.07,362.36,363.08,373,382.26,359.4,451.14,384.56
"866",22.75,118.25,347.29,410.26,359.13,329.24,347.93,379.17,370.08,362.07,364.96,368.26,320.18,440.94,378.4
"867",22.75,118.75,392.25,388.81,359.17,354.33,360.04,370,388.25,366.98,364.2,359.63,324.8,418.38,370.97
"868",22.75,119.25,383.82,392.37,364.85,331.37,361.64,402.9,390.35,390.25,356.48,391.72,362.6,429.19,413.65
"869",22.75,119.75,402.45,397.02,375.65,339.74,366.6,409.67,400.32,401.38,363.64,399.35,382.85,444.85,425.57
"870",22.75,120.25,425.91,398.5,375.08,326.55,365.12,407.29,413.05,400.62,367.74,402.22,377.35,418.17,427.51
"871",22.75,121.25,405.4,392.75,385.18,322.71,339.15,398.1,384.3,386.67,382.13,397.69,408.07,423.25,407.48
"872",22.75,121.75,408.61,401.79,380.46,329.36,342.68,401.7,384.06,386.92,376.36,402.64,392.22,413.11,409.17
"873",23.25,116.75,365.63,362.16,372.27,355.51,262.44,339.29,314.07,306.37,394.2,365.61,372.77,447.35,339.07
"874",23.25,117.25,354.47,374.34,371.95,332.44,289.11,354.63,344.04,326.49,387.87,366.53,345.57,441.96,346.82
"875",23.25,117.75,334.07,382.42,366.23,298.69,287.04,360.92,361.4,334.96,363.84,367.61,302.3,444.15,350.06
"876",23.25,118.25,346.3,409.55,361.72,337.51,359.92,382.76,369.85,366.36,371.18,370.45,333.54,433.53,381.93
"877",23.25,118.75,390.62,412.03,358.13,353.52,373.51,380.83,379.12,370.76,375.64,368.98,341.4,407.25,384.91
"878",23.25,119.25,348.56,397.26,349.33,331.57,361.62,365.52,365.21,357.1,355.62,366.21,323.24,373.75,379.87
"879",23.25,119.75,400.52,391.93,377.98,359.65,377.82,407.84,400.35,401.1,367.59,400.13,384.06,433.52,422.46
"880",23.25,120.25,414.09,366.79,383.32,297.92,328.19,383.41,410.25,383.65,372.06,386.09,390.43,442.13,410.67
"881",23.25,121.25,367.59,403,393,348.99,336.7,406.73,374.61,385.46,381.04,406.47,392.2,478.27,408.89
"882",23.25,121.75,400.34,407.57,388.19,335.07,358.25,406.13,395.34,395.46,382.36,404.19,392.29,425.69,414.55
"883",23.75,117.25,353.47,396.5,364.63,375.91,306.98,316.74,312.16,287.64,425.61,351.71,352.47,412.52,341.06
"884",23.75,117.75,290.53,412.61,382.69,391.31,325.24,360.71,341,319.06,396.02,402.02,296.42,445.18,374.01
"885",23.75,118.25,324.18,385.52,373.82,377.74,342.12,375.58,357.89,347.09,380.27,385.7,327.57,444.94,373.91
"886",23.75,118.75,363.86,395.78,377.27,367.94,359.03,397.28,376.63,374.9,377.56,398.57,356.08,429.13,396.63
"887",23.75,119.25,373.19,397.24,359.99,281.28,326.58,387.85,387.68,370.8,351.23,388.84,329.77,399.54,398.48
"888",23.75,119.75,405.89,391.51,375.6,343.29,359.23,402.08,403.02,392.95,364.34,396.57,362.82,428.52,409.95
"889",23.75,120.25,412.3,408.1,392.63,357.29,390.32,395.11,410.93,396.87,397.7,401.33,400.13,409.09,426.55
"890",23.75,121.75,386.5,413.98,393.04,343.19,359.1,408.08,396.24,395.4,383.29,408.37,382.52,444.11,416.36
"891",24.25,117.75,294.63,405.42,383.63,299.76,318.02,386.66,336.45,329.95,368.62,457.82,326.33,435.53,464.82
"892",24.25,118.25,309.41,404.32,377.96,390.94,361.03,379.99,360.67,346.56,385.85,410.14,319.19,418.6,400.19
"893",24.25,118.75,321.37,396.79,378.91,391.11,352.98,392.53,360.86,360.06,377.04,402.65,331.33,452.36,389.73
"894",24.25,119.25,362.03,409.63,377.49,322.62,341.38,406.12,392.11,380.38,363.79,413.48,332.6,426.3,412.37
"895",24.25,119.75,399.26,393.12,387.48,337.59,345.86,406.52,416.54,394.68,364.47,408.77,348.58,456.96,416.37
"896",24.25,120.25,404.4,409.67,388.59,330.85,334.06,416.97,385.16,392.59,375.78,426.7,399.94,439.8,433.66
"897",24.25,121.75,362.02,427.42,392.09,341.88,358.17,410.65,390.6,392.45,378.48,415.22,365.89,455.43,423.23
